ResponseId,Age,Country,EdLevel,LanguageHaveWorkedWith,LanguageWantToWorkWith,DatabaseHaveWorkedWith,DatabaseWantToWorkWith,PlatformHaveWorkedWith,PlatformWantToWorkWith,WebframeHaveWorkedWith,WebframeWantToWorkWith
36663,18-24y,Viet Nam,Bachelor’s degree,Bash/Shell (all shells);C#;C++;Haskell;Java;JavaScript;Python;SQL;TypeScript,None,PostgreSQL;SQLite,None,None,None,Angular;Node.js;React,None
36721,25-34y,Germany,Bachelor’s degree,Bash/Shell (all shells);Go,Bash/Shell (all shells);Go,Cloud Firestore,Cloud Firestore,Google Cloud,Google Cloud,None,None
30719,25-34y,USA,Bachelor’s degree,Bash/Shell (all shells);Go;JavaScript;Python;SQL,Bash/Shell (all shells);Go;Python;Rust;SQL;Zig,Dynamodb;Microsoft SQL Server;MySQL;PostgreSQL,Microsoft SQL Server;MySQL;PostgreSQL,Amazon Web Services (AWS),Amazon Web Services (AWS),None,None
17354,35-44y,Germany,Master’s degree,Dart;HTML/CSS;JavaScript;TypeScript,Dart;Go;HTML/CSS;JavaScript;Python;TypeScript,Cloud Firestore;Firebase Realtime Database;Redis,Cloud Firestore;Elasticsearch;PostgreSQL;Redis;Supabase,Firebase;Google Cloud,Cloudflare;Firebase;Google Cloud;Supabase,Django;Express;Flask;Svelte;Vue.js,FastAPI;Svelte
39839,35-44y,USA,Bachelor’s degree,C#;HTML/CSS;Java;Kotlin;Python;Ruby;Swift;TypeScript,C#;F#;Haskell;HTML/CSS;Kotlin;Python;Swift;TypeScript,None,None,Amazon Web Services (AWS),Amazon Web Services (AWS),Node.js;Play Framework;React,Node.js;Play Framework;React
6248,25-34y,USA,Bachelor’s degree,Java;Kotlin,Java;Kotlin,SQLite,SQLite,None,None,None,None
31794,35-44y,India,Bachelor’s degree,Bash/Shell (all shells);Go;Lua;Python,C;C++;Go;Python,PostgreSQL,None,Amazon Web Services (AWS);Google Cloud;Microsoft Azure,Amazon Web Services (AWS);Google Cloud;Microsoft Azure,None,None
21404,25-34y,France,Bachelor’s degree,Bash/Shell (all shells);HTML/CSS;JavaScript;PHP;Python;SQL;TypeScript,Bash/Shell (all shells);Elixir;HTML/CSS;JavaScript;Prolog;Rust;SQL;TypeScript,MariaDB;MySQL;PostgreSQL;SQLite;Supabase,Elasticsearch;PostgreSQL;Redis;SQLite,Amazon Web Services (AWS);Fly.io;OVH;Supabase;Vercel,Fly.io;OpenStack;OVH;Scaleway;Vercel,Django;Express;Fastify;NestJS;Next.js;Node.js;React;Remix;Strapi;Symfony;WordPress,Deno;Express;Fastify;Htmx;Next.js;Node.js;Phoenix;React;Remix;Solid.js;Strapi;Symfony
57615,35-44y,USA,Study wo degree,C#;HTML/CSS;JavaScript;SQL,None,Microsoft SQL Server,None,Amazon Web Services (AWS);Google Cloud;Microsoft Azure,None,ASP.NET,None
24729,35-44y,Ukraine,Professional degree,Java;Kotlin;PHP;Python,Kotlin,Cloud Firestore;MySQL;SQLite,Cloud Firestore;SQLite,Firebase;Google Cloud,Firebase;Google Cloud,None,None
60342,25-34y,Unknown,Unknown,C#;Dart;HTML/CSS;Java;JavaScript;PowerShell;SQL;TypeScript,C#;Dart;HTML/CSS;Java;JavaScript;PowerShell;SQL;TypeScript,Firebase Realtime Database;Microsoft SQL Server;PostgreSQL;Redis;SQLite;Supabase,Microsoft SQL Server;PostgreSQL;Redis;SQLite;Supabase,Firebase;Google Cloud;Microsoft Azure;Supabase,Microsoft Azure;Supabase,Angular;ASP.NET;Spring Boot,Angular;ASP.NET;ASP.NET CORE;Spring Boot
53408,25-34y,UK,Master’s degree,Python;SQL,None,BigQuery;Databricks SQL;Microsoft SQL Server;PostgreSQL,None,Amazon Web Services (AWS);Databricks;Google Cloud,None,None,None
7396,25-34y,Spain,Bachelor’s degree,Bash/Shell (all shells);Java;JavaScript;Rust;Scala,Bash/Shell (all shells);Rust;Scala,Dynamodb;MariaDB;MongoDB;PostgreSQL,PostgreSQL,Amazon Web Services (AWS);Cloudflare;Digital Ocean;Google Cloud;Hetzner;Vercel,Amazon Web Services (AWS);Cloudflare;Digital Ocean;Hetzner;Vercel,Play Framework;React,Play Framework
44489,35-44y,Czechia,Bachelor’s degree,Bash/Shell (all shells);Dart;Go;HTML/CSS;Ruby;Rust;SQL,Bash/Shell (all shells);Go;HTML/CSS;Lua;Rust;SQL;Swift,BigQuery;PostgreSQL;Redis,BigQuery;DuckDB;PostgreSQL;Redis;SQLite,Google Cloud;Hetzner;Vultr,Google Cloud;Hetzner,Htmx;Node.js;Vue.js,Htmx
64301,45-54y,Austria,Associate degree,C;C#;Dart;Go;HTML/CSS;Java;JavaScript;PHP;PowerShell;Python;Solidity;SQL;TypeScript;VBA;Visual Basic (.Net),Go;JavaScript;Python,Cloud Firestore;Firebase Realtime Database;H2;MariaDB;Microsoft Access;Microsoft SQL Server;MongoDB;MySQL;PostgreSQL;Supabase,DuckDB;MongoDB;PostgreSQL,Amazon Web Services (AWS);Firebase;Google Cloud;Hetzner;Microsoft Azure;Vercel,Hetzner,Angular;AngularJS;ASP.NET;Express;Htmx;jQuery;Node.js;Spring Boot;Vue.js;WordPress,Htmx
18650,25-34y,Denmark,Associate degree,Java;SQL,Go,IBM DB2,None,IBM Cloud Or Watson,None,None,None
21053,18-24y,Ukraine,Study wo degree,C#;HTML/CSS;JavaScript,HTML/CSS;JavaScript;Ruby,None,None,None,None,Node.js,Node.js;Ruby on Rails
5334,35-44y,Italy,Secondary School,JavaScript;PHP,JavaScript;PHP;Python;Rust;TypeScript,Dynamodb;Elasticsearch;MySQL,Dynamodb;Elasticsearch;MySQL;PostgreSQL;Redis;SQLite,Amazon Web Services (AWS),Amazon Web Services (AWS);Microsoft Azure,jQuery;Node.js,Laravel;Node.js;Symfony;Vue.js
57038,55-64y,Italy,Master’s degree,Assembly;C#;C++;Kotlin;Python;SQL,Go;JavaScript;Kotlin;PHP;Python;SQL;Swift,H2;MariaDB;Microsoft SQL Server;MySQL;SQLite,Microsoft SQL Server;MySQL;SQLite,Microsoft Azure,Microsoft Azure,Angular;ASP.NET;ASP.NET CORE;Node.js;Spring Boot,Angular;ASP.NET;ASP.NET CORE;Blazor;Node.js;React
35757,25-34y,Germany,Master’s degree,Bash/Shell (all shells);Dart;HTML/CSS;Python;Rust;SQL;TypeScript,Bash/Shell (all shells);Dart;Python;Rust,PostgreSQL;SQLite,PostgreSQL,Amazon Web Services (AWS);Firebase;Google Cloud;Microsoft Azure,Firebase;Google Cloud,Angular;AngularJS;FastAPI;Flask,None
48719,55-64y,USA,Professional degree,Fortran;JavaScript;MicroPython;Python,MicroPython;Python,InfluxDB;MariaDB,InfluxDB;MariaDB,None,None,None,None
3076,35-44y,Colombia,Master’s degree,JavaScript;Python;TypeScript,JavaScript;Kotlin;Python;Rust;TypeScript,MariaDB;PostgreSQL;Redis,Databricks SQL;Elasticsearch;MariaDB;PostgreSQL;Redis,Amazon Web Services (AWS);Microsoft Azure,Databricks;Microsoft Azure,Angular;Django;React,Angular;Django;FastAPI;React
35382,25-34y,Germany,Master’s degree,Bash/Shell (all shells);C++;MATLAB;Python;SQL,Bash/Shell (all shells);C++;Kotlin;Python;Rust,MySQL,MySQL,IBM Cloud Or Watson;Microsoft Azure,Amazon Web Services (AWS);VMware,None,None
22172,35-44y,UK,Master’s degree,None,None,None,None,None,None,None,None
5344,25-34y,Colombia,Associate degree,HTML/CSS;Java;JavaScript;PHP;PowerShell;Python;SQL;TypeScript,C#;C++;Elixir;GDScript;Go;Kotlin;Lua;Python;Rust,Microsoft SQL Server;MySQL;PostgreSQL;Redis,Elasticsearch;MongoDB;PostgreSQL;SQLite,Amazon Web Services (AWS);Digital Ocean;Oracle Cloud Infrastructure (OCI);Vercel,Cloudflare;Digital Ocean;Oracle Cloud Infrastructure (OCI);Vercel,Express;FastAPI;Laravel;Next.js;Node.js;React,ASP.NET CORE;Django;Express;NestJS;Node.js;React;Spring Boot
14598,35-44y,Poland,Master’s degree,C#;HTML/CSS;JavaScript;SQL;TypeScript,C#;HTML/CSS;JavaScript;SQL;TypeScript,Microsoft SQL Server,Microsoft SQL Server;PostgreSQL;SQLite,Microsoft Azure,Microsoft Azure,ASP.NET;ASP.NET CORE;jQuery;Node.js;React;Remix,ASP.NET;ASP.NET CORE;Node.js;React;Remix
24657,35-44y,Guatemala,Study wo degree,Assembly;Bash/Shell (all shells);C#;HTML/CSS;Java;JavaScript;PHP;Python;Ruby;SQL;TypeScript;VBA;Visual Basic (.Net),None,MySQL;PostgreSQL,None,Amazon Web Services (AWS);Cloudflare;Oracle Cloud Infrastructure (OCI);VMware,None,jQuery;Laravel;Symfony;Vue.js,Angular;AngularJS
11583,45-54y,USA,Professional degree,C#;HTML/CSS;JavaScript;PowerShell;TypeScript,C#;Go;HTML/CSS;JavaScript;PowerShell;Rust;TypeScript,None,None,None,None,Angular;AngularJS;Node.js,Angular;ASP.NET CORE;Node.js
41558,18-24y,USA,Bachelor’s degree,Bash/Shell (all shells);HTML/CSS;Ruby;SQL;TypeScript,Bash/Shell (all shells);HTML/CSS;Ruby;SQL;TypeScript,PostgreSQL;Redis;Snowflake,PostgreSQL;Redis;Snowflake,Amazon Web Services (AWS);Heroku,Amazon Web Services (AWS);Heroku,React;Ruby on Rails,React;Ruby on Rails
12623,35-44y,Italy,Bachelor’s degree,Bash/Shell (all shells);HTML/CSS;JavaScript;TypeScript,Bash/Shell (all shells);HTML/CSS;JavaScript;TypeScript,None,None,None,None,Next.js;Node.js;React,Express;jQuery;Next.js;Node.js;React;Solid.js;Svelte
6995,45-54y,Australia,Professional degree,Bash/Shell (all shells);C;C++;Python;R;Rust;TypeScript,Rust;Zig,Dynamodb;MongoDB;PostgreSQL;SQLite,Cockroachdb;Dynamodb;PostgreSQL;SQLite,Amazon Web Services (AWS);Cloudflare,"Amazon Web Services (AWS);Cloudflare;Fly.io;Google Cloud;Linode, now Akamai;Netlify",Next.js;Node.js;React,FastAPI;Phoenix
42464,18-24y,USA,Study wo degree,C#;HTML/CSS;JavaScript;PHP;Python;SQL;TypeScript,C;C++;Dart;Go;Kotlin;Rust;Swift,Cloud Firestore;Firebase Realtime Database;MariaDB;MongoDB;MySQL;PostgreSQL;Supabase,Cloud Firestore;Redis,Amazon Web Services (AWS);Firebase;Supabase;Vercel,Amazon Web Services (AWS);Cloudflare;Digital Ocean;Fly.io,Astro;Flask;Next.js;Node.js;React;Vue.js,Deno;Laravel;Next.js
3648,45-54y,Canada,Professional degree,Go;HTML/CSS;Java;JavaScript;Python;Rust;SQL;TypeScript,Go;HTML/CSS;JavaScript;Python;SQL;TypeScript,BigQuery;Cloud Firestore;MySQL;PostgreSQL,BigQuery;Cloud Firestore;MySQL;PostgreSQL,Firebase;Google Cloud,Firebase;Google Cloud,Drupal;FastAPI;Next.js;Node.js;React,FastAPI;Next.js;Node.js;React
40692,18-24y,Poland,Secondary School,C;C++;HTML/CSS;Java;JavaScript;SQL;TypeScript,HTML/CSS;Java;JavaScript;SQL;TypeScript,MongoDB;MySQL,MongoDB;MySQL,None,None,Next.js;Node.js;React;Spring Boot,Next.js;Node.js;React;Spring Boot
29248,25-34y,Bulgaria,Master’s degree,C;MATLAB;Python,C;Kotlin;Python,None,None,None,None,None,None
31785,25-34y,Bulgaria,Secondary School,C#;Dart;Go;HTML/CSS;JavaScript;PowerShell;SQL;TypeScript,None,Elasticsearch;Microsoft SQL Server;Redis;SQLite,None,Amazon Web Services (AWS);Microsoft Azure,None,AngularJS;ASP.NET;ASP.NET CORE;Node.js;Nuxt.js;Vue.js,None
21097,45-54y,USA,Study wo degree,Bash/Shell (all shells);HTML/CSS;Java;JavaScript;Kotlin;PHP;Ruby;Swift;TypeScript,Bash/Shell (all shells);HTML/CSS;Java;JavaScript;Kotlin;PHP;Ruby;Swift;TypeScript,MySQL;PostgreSQL;SQLite,BigQuery;Dynamodb;Elasticsearch;Firebase Realtime Database;MongoDB;MySQL;PostgreSQL;SQLite,Amazon Web Services (AWS);Firebase;Google Cloud;Managed Hosting;Microsoft Azure;VMware,Amazon Web Services (AWS);Firebase;Google Cloud;Microsoft Azure;VMware,Angular;AngularJS;Next.js;Node.js;React;Ruby on Rails;Spring Boot;WordPress,AngularJS;React;Ruby on Rails;Spring Boot;WordPress
7267,25-34y,Iran,Bachelor’s degree,HTML/CSS;JavaScript,HTML/CSS;JavaScript;Kotlin,None,None,None,None,Angular;Express;jQuery;Laravel;NestJS;Next.js;Node.js;React,Angular;Express;jQuery;Laravel;NestJS;Next.js;Node.js;React
58834,35-44y,Ecuador,Master’s degree,None,None,None,None,None,None,None,None
42867,35-44y,UAE,Master’s degree,C#;HTML/CSS;SQL;VBA;Visual Basic (.Net),C#;HTML/CSS;SQL;VBA;Visual Basic (.Net),Microsoft Access;Microsoft SQL Server;MySQL;Oracle,Microsoft Access;Microsoft SQL Server;MySQL;Oracle,Amazon Web Services (AWS);Microsoft Azure,Amazon Web Services (AWS);Microsoft Azure,ASP.NET;ASP.NET CORE,ASP.NET;ASP.NET CORE
46343,Under 18y,Unknown,Unknown,Ada,None,None,None,None,None,None,None
3001,35-44y,UK,Professional degree,Bash/Shell (all shells);Kotlin;Python;SQL,Kotlin;Python;SQL,PostgreSQL;Redis;Snowflake,PostgreSQL;Redis;Snowflake,Cloudflare;Google Cloud,Google Cloud,Flask,Flask
65091,18-24y,Unknown,Bachelor’s degree,None,None,None,None,None,None,None,None
18389,25-34y,Ukraine,Master’s degree,Python,Python,MongoDB,MongoDB;MySQL,Microsoft Azure,Microsoft Azure,FastAPI;Flask,FastAPI;Flask
2550,25-34y,Colombia,Master’s degree,Scala;TypeScript,Scala;TypeScript,Dynamodb,Dynamodb;Elasticsearch;Neo4J;PostgreSQL;Redis,Amazon Web Services (AWS),Amazon Web Services (AWS),None,None
16618,25-34y,Belgium,Bachelor’s degree,C#;HTML/CSS;JavaScript;SQL;TypeScript,C#;Elixir;HTML/CSS;SQL;TypeScript,Microsoft SQL Server;SQLite,Microsoft SQL Server;PostgreSQL;SQLite,Microsoft Azure,Microsoft Azure,Angular;ASP.NET;ASP.NET CORE;Blazor,ASP.NET CORE;Phoenix;React
17938,18-24y,USA,Secondary School,None,None,None,None,None,None,None,None
60729,55-64y,Unknown,Bachelor’s degree,None,None,None,None,None,None,None,None
22957,18-24y,Ukraine,Associate degree,HTML/CSS;JavaScript;TypeScript,HTML/CSS;JavaScript;SQL;TypeScript,Dynamodb;MySQL,MySQL;PostgreSQL,None,None,Node.js;Vue.js,Astro;NestJS;Node.js;Vue.js
31225,18-24y,China,Bachelor’s degree,C++;Dart;Lua;Python,C++;Lua;Python,None,None,Digital Ocean;Heroku;VMware,Digital Ocean;VMware,None,None
8122,35-44y,Poland,Study wo degree,Bash/Shell (all shells);C#;JavaScript;PowerShell;SQL;TypeScript,C#;TypeScript,Microsoft SQL Server;SQLite,Microsoft SQL Server,Microsoft Azure,Microsoft Azure,Angular,Blazor
8655,35-44y,UK,Bachelor’s degree,C;C++;Python;Rust;SQL,C++;Rust,MySQL,None,None,None,Node.js,None
9542,55-64y,Australia,Bachelor’s degree,Bash/Shell (all shells);Go;Groovy;Java;JavaScript;SQL,Bash/Shell (all shells);Groovy;Java;SQL,PostgreSQL,PostgreSQL,Amazon Web Services (AWS);Google Cloud,Amazon Web Services (AWS);Google Cloud,Node.js;Spring Boot,Spring Boot
2516,55-64y,USA,Bachelor’s degree,Go;PowerShell;Python;Rust,None,None,None,Microsoft Azure,None,Flask,None
51086,25-34y,Norway,Bachelor’s degree,C#;C++;GDScript,C#;C++;GDScript;Rust,None,None,Microsoft Azure,Microsoft Azure,None,None
3875,25-34y,Ukraine,Master’s degree,HTML/CSS;JavaScript;TypeScript,HTML/CSS;JavaScript;TypeScript,Cloud Firestore;MongoDB,None,Firebase;Google Cloud;Heroku,None,React,React
18608,18-24y,Nepal,Bachelor’s degree,JavaScript;PowerShell;Rust;TypeScript,JavaScript;PowerShell;Rust;TypeScript,MongoDB;MySQL;PostgreSQL;Redis;SQLite,MySQL;PostgreSQL;Redis;SQLite,Cloudflare;Netlify;Vercel,Cloudflare;Netlify;Vercel,Deno;Express;NestJS;Next.js;Node.js;React,Astro;Deno;NestJS;Next.js;Node.js;React;Solid.js
44138,55-64y,USA,Study wo degree,C;C++;PHP;Python;VBA,C;C++;PHP;Python;Rust;VBA;Visual Basic (.Net),MySQL,MySQL,Amazon Web Services (AWS);Digital Ocean,Amazon Web Services (AWS);Digital Ocean,Django;WordPress,Django;WordPress
41387,18-24y,Germany,Bachelor’s degree,Assembly;Bash/Shell (all shells);C;C#;C++;Dart;Go;HTML/CSS;Java;JavaScript;Kotlin;Lua;Objective-C;PHP;PowerShell;Python;SQL;TypeScript,None,Cassandra;Cloud Firestore;Elasticsearch;EventStoreDB;MariaDB;Microsoft SQL Server;MongoDB;MySQL;Neo4J;PostgreSQL;RavenDB;Redis;SQLite;Supabase,None,"Amazon Web Services (AWS);Cloudflare;Firebase;Google Cloud;Linode, now Akamai;Supabase",None,Angular;FastAPI;Flask;jQuery;NestJS;Node.js;React;Spring Boot;Svelte;Vue.js;WordPress,None
45499,25-34y,Spain,Bachelor’s degree,C++;Rust;SQL,C++;Rust;Zig,MySQL;SQLite,SQLite,None,None,None,None
50441,65y+,Sweden,Master’s degree,C#;PowerShell;SQL,JavaScript;TypeScript,Microsoft SQL Server,MariaDB;SQLite,VMware,None,Angular;AngularJS;ASP.NET;ASP.NET CORE,Node.js;React
65352,25-34y,Benin,Study wo degree,Bash/Shell (all shells);C;C++;HTML/CSS;Java;JavaScript;PHP;SQL;TypeScript;VBA,Bash/Shell (all shells);C;C++;HTML/CSS;Java;JavaScript;PHP;Python;SQL;TypeScript,MariaDB;Microsoft Access;MongoDB;MySQL;PostgreSQL;Redis,Cassandra;Firebase Realtime Database;MariaDB;Microsoft Access;MongoDB;MySQL;PostgreSQL;Redis,OVH,Amazon Web Services (AWS);Cloudflare;Firebase;Google Cloud;Heroku;Microsoft Azure;OVH;Vercel,Drupal;Express;jQuery;Laravel;Next.js;Node.js;Nuxt.js;React;Spring Boot;Symfony;Vue.js;WordPress,Django;Express;Laravel;NestJS;Next.js;Node.js;Nuxt.js;React;Spring Boot;Symfony;Vue.js;WordPress
14403,18-24y,USA,Study wo degree,Bash/Shell (all shells);C#;C++;GDScript;HTML/CSS;JavaScript;PowerShell;Python;SQL;TypeScript,Bash/Shell (all shells);C#;C++;GDScript;HTML/CSS;JavaScript;PowerShell;Python;Rust;SQL;TypeScript,Microsoft SQL Server;MySQL;PostgreSQL,PostgreSQL,Amazon Web Services (AWS);Microsoft Azure,Amazon Web Services (AWS),ASP.NET;Blazor;Node.js,Svelte
3919,25-34y,Germany,Bachelor’s degree,C;C#;C++;HTML/CSS;Java;JavaScript;SQL,C;C#;C++;HTML/CSS;Java;JavaScript;Rust;SQL,MariaDB;Microsoft Access;MySQL;PostgreSQL;SQLite;Supabase,Cassandra;MariaDB;Redis;Supabase,Cloudflare;Hetzner;Supabase,Cloudflare;Hetzner;Supabase,React;Spring Boot;WordPress,Astro;React;Spring Boot
59897,25-34y,Unknown,Unknown,HTML/CSS;JavaScript;PHP;SQL,HTML/CSS;JavaScript;PHP;Python;Rust;Solidity;SQL;TypeScript,MariaDB;MongoDB;MySQL,MariaDB;MongoDB;MySQL;Oracle;PostgreSQL;Redis;Snowflake;SQLite,Cloudflare;Managed Hosting,Amazon Web Services (AWS);Cloudflare;Digital Ocean;Firebase;Google Cloud;Managed Hosting,jQuery;Laravel;Next.js;Symfony;WordPress,jQuery;Laravel;Next.js;React;Symfony;Vue.js;WordPress;Yii 2
15082,55-64y,USA,Master’s degree,C++;HTML/CSS;JavaScript;PHP;SQL;VBA,C++;HTML/CSS;JavaScript;PHP;SQL;VBA,Microsoft SQL Server;MySQL,Microsoft SQL Server,Amazon Web Services (AWS);Microsoft Azure;VMware,Amazon Web Services (AWS);Microsoft Azure,ASP.NET;ASP.NET CORE;jQuery;WordPress,ASP.NET;ASP.NET CORE;jQuery
14296,35-44y,USA,Professional degree,Fortran;MATLAB;Python,Fortran;MATLAB;Python;R,None,None,None,None,None,None
40925,35-44y,Italy,Master’s degree,HTML/CSS;Java;JavaScript;Python;SQL,Go;JavaScript;Julia;Kotlin;PHP;Python;Scala,Microsoft SQL Server;MongoDB;MySQL;Oracle;PostgreSQL,Neo4J,None,None,jQuery,Next.js;React;Svelte;Vue.js
24785,25-34y,Portugal,Bachelor’s degree,Java;JavaScript;Kotlin;Rust;SQL,C;C#;C++;Go;Kotlin;Python;Rust;SQL;TypeScript,Elasticsearch;H2;MariaDB;Microsoft SQL Server;MongoDB;MySQL;PostgreSQL,Dynamodb;Elasticsearch;H2;MariaDB;MongoDB;MySQL;PostgreSQL;Redis,Hetzner;Managed Hosting,Amazon Web Services (AWS);Hetzner;Managed Hosting;Microsoft Azure,None,None
56353,18-24y,India,Bachelor’s degree,Java,Java,MySQL;Oracle,None,None,None,None,None
44753,35-44y,Italy,Master’s degree,C;C#;C++;Fortran;Java;MATLAB;MicroPython;Objective-C;Python;VBA,C;C++;MicroPython;Objective-C;Python;Rust;Zephyr;Zig,None,None,Amazon Web Services (AWS),None,None,None
903,45-54y,USA,Bachelor’s degree,C;C#;Dart;JavaScript;PowerShell;Python;SQL;TypeScript,None,Cloud Firestore;Firebase Realtime Database;MySQL;PostgreSQL;SQLite,None,Firebase;Google Cloud,None,Angular;NestJS;Node.js,None
15522,18-24y,Ukraine,Bachelor’s degree,Bash/Shell (all shells);C#;PowerShell;SQL,C#;SQL,Elasticsearch;PostgreSQL;Redis,Cosmos DB;Elasticsearch;PostgreSQL;Redis,Amazon Web Services (AWS),Amazon Web Services (AWS),None,None
944,35-44y,Bangladesh,Master’s degree,Java;JavaScript;PHP;Python;SQL,Java;JavaScript;PHP;Python;SQL,MariaDB;MySQL;PostgreSQL;Redis,MariaDB;Neo4J;PostgreSQL;Redis,Amazon Web Services (AWS),Amazon Web Services (AWS),Django;FastAPI;Laravel;NestJS;Next.js;Spring Boot;Symfony,Django;FastAPI;Laravel;NestJS;Next.js;Spring Boot;Symfony
25929,Under 18y,USA,Secondary School,C#;Clojure;JavaScript,C#;Clojure,None,None,None,None,Node.js,None
16359,18-24y,Ukraine,Bachelor’s degree,Bash/Shell (all shells);Scala;SQL,Python;Scala,Cassandra;Cockroachdb,Snowflake,Amazon Web Services (AWS),None,None,None
38417,Under 18y,Turkey,Primary school,Assembly;C;JavaScript;Lua,C;Lua,None,None,None,None,Node.js,None
56404,35-44y,Japan,Master’s degree,C#;Java;JavaScript;Python;TypeScript,C#;Java;JavaScript;Python;Rust;TypeScript,Dynamodb;Presto,Cockroachdb;Elasticsearch;MariaDB;MySQL;PostgreSQL;Presto;Redis,Amazon Web Services (AWS);Digital Ocean,Amazon Web Services (AWS);Digital Ocean,Node.js;WordPress,Node.js;WordPress
37182,25-34y,USA,Professional degree,C;C++;Lua;Python;TypeScript,C;C++;Lua,None,None,None,None,None,None
51310,18-24y,Portugal,Bachelor’s degree,Bash/Shell (all shells);C;C++;Dart;Elixir;HTML/CSS;Java;JavaScript;Kotlin;PHP;PowerShell;Python;Rust;SQL;TypeScript,Bash/Shell (all shells);HTML/CSS;JavaScript;Rust;SQL;TypeScript,MariaDB;MongoDB;MySQL;PostgreSQL;Redis;SQLite;Supabase,MySQL;PostgreSQL;Redis,Amazon Web Services (AWS);Cloudflare;Digital Ocean;Hetzner;Microsoft Azure;Netlify;Render;Supabase;Vercel,Amazon Web Services (AWS);Cloudflare;Digital Ocean;Hetzner;Vercel,Django;Express;Fastify;NestJS;Next.js;Node.js;React;Vue.js,Astro;Deno;Fastify;NestJS;Next.js;Node.js;React
17499,18-24y,Ukraine,Master’s degree,C#;C++;F#;Kotlin;Lua,C#;F#;Kotlin;SQL,PostgreSQL,MongoDB;PostgreSQL,Digital Ocean;Google Cloud;Microsoft Azure,Digital Ocean;Microsoft Azure,ASP.NET;ASP.NET CORE,ASP.NET;ASP.NET CORE;Blazor
51865,35-44y,USA,Master’s degree,Bash/Shell (all shells);HTML/CSS;Java;JavaScript;Lisp;TypeScript,HTML/CSS;Java;JavaScript;TypeScript,None,None,Amazon Web Services (AWS),Amazon Web Services (AWS),React,Angular;Spring Boot;Vue.js
46876,25-34y,Slovenia,Master’s degree,C#;HTML/CSS;JavaScript;SQL,None,PostgreSQL;SQLite,None,None,None,Angular;ASP.NET;ASP.NET CORE;Node.js,None
26497,25-34y,Zimbabwe,Secondary School,Bash/Shell (all shells);HTML/CSS;Java;JavaScript;Kotlin;PHP;PowerShell;Python;SQL;TypeScript,Bash/Shell (all shells);HTML/CSS;Java;JavaScript;Kotlin;PHP;PowerShell;Python;SQL;TypeScript,MariaDB;MongoDB;MySQL;SQLite,Firebase Realtime Database;MariaDB;MongoDB;MySQL;PostgreSQL;SQLite,Heroku,Heroku,Angular;CodeIgniter;Express;jQuery;Laravel;Node.js;React;WordPress,Angular;Deno;Express;jQuery;Laravel;Node.js;React;Svelte;Vue.js;WordPress
29162,25-34y,UK,Bachelor’s degree,Bash/Shell (all shells);Elixir;JavaScript;Python;Ruby;SQL,Bash/Shell (all shells);Elixir;Go;JavaScript;Python;Ruby;SQL,Elasticsearch;MySQL;PostgreSQL;Redis;SQLite,Elasticsearch;MySQL;PostgreSQL;Redis;SQLite,"Amazon Web Services (AWS);Heroku;Linode, now Akamai;Vercel","Amazon Web Services (AWS);Linode, now Akamai",Django;Express;Flask;jQuery;Next.js;Node.js;React;Ruby on Rails;Vue.js,Express;Node.js;React;Ruby on Rails;Vue.js
34915,18-24y,Poland,Bachelor’s degree,Java,Java,MongoDB;Oracle,MongoDB,Amazon Web Services (AWS);OVH,Amazon Web Services (AWS),Spring Boot,Spring Boot
34195,25-34y,Australia,Study wo degree,Bash/Shell (all shells);C;C#;C++;HTML/CSS;Java;JavaScript;PowerShell;SQL;TypeScript,Bash/Shell (all shells);C;C#;Go;HTML/CSS;JavaScript;Lua;SQL;TypeScript,Microsoft SQL Server;SQLite,Microsoft SQL Server;MongoDB;PostgreSQL;SQLite,Microsoft Azure,Amazon Web Services (AWS);Digital Ocean;Firebase;Microsoft Azure,ASP.NET;ASP.NET CORE;jQuery;Node.js;React,ASP.NET;ASP.NET CORE;Blazor;jQuery;Next.js;Node.js;React;Svelte
48791,25-34y,Belgium,Professional degree,Python;R;SQL,JavaScript;Julia;Python;R;SQL,BigQuery;PostgreSQL,BigQuery;PostgreSQL,Google Cloud,Google Cloud,WordPress,Angular;React;Vue.js
24453,45-54y,USA,Master’s degree,SQL;TypeScript,None,PostgreSQL,None,Amazon Web Services (AWS),None,Angular;NestJS;Nuxt.js,None
1785,25-34y,Germany,Master’s degree,Bash/Shell (all shells);C#;JavaScript;SQL;TypeScript,C#;Rust,MariaDB;Microsoft SQL Server,None,None,None,Node.js,None
63442,18-24y,Denmark,Secondary School,C#,C#;Rust,Microsoft SQL Server,None,Microsoft Azure,Amazon Web Services (AWS);Databricks;Microsoft Azure,ASP.NET;ASP.NET CORE,None
63001,35-44y,Unknown,Unknown,Bash/Shell (all shells);HTML/CSS;JavaScript;Python;Ruby;SQL,Bash/Shell (all shells);Elixir;Erlang;HTML/CSS;JavaScript;Ruby;Rust;Scala;Solidity;SQL,None,None,None,None,None,None
23820,25-34y,Tunisia,Master’s degree,C;C#;HTML/CSS;JavaScript;PHP;PowerShell;Python;SQL;TypeScript;VBA;Visual Basic (.Net),C#;PowerShell;Python;SQL;VBA;Visual Basic (.Net),Firebase Realtime Database;MariaDB;Microsoft SQL Server;MongoDB;MySQL;SQLite,MariaDB;Microsoft SQL Server;MongoDB;MySQL;SQLite,Google Cloud;Microsoft Azure;OVH;VMware,Microsoft Azure;OVH;VMware,ASP.NET;ASP.NET CORE;jQuery;Laravel;Node.js;Symfony;WordPress,ASP.NET;ASP.NET CORE;jQuery;Laravel;Node.js;Symfony;WordPress
18237,Under 18y,Qatar,Secondary School,Assembly;Bash/Shell (all shells);C;Java;MicroPython;Rust,Assembly;C;C++;Go;MicroPython;Rust,Databricks SQL;MySQL;RavenDB,None,Cloudflare;IBM Cloud Or Watson;VMware,None,None,None
12863,25-34y,India,Bachelor’s degree,Java;JavaScript,Go;Rust,Cassandra;MySQL;Redis;SQLite,None,Amazon Web Services (AWS);Google Cloud,Microsoft Azure,Node.js,None
24150,25-34y,Czechia,Master’s degree,C;Groovy;HTML/CSS;Java;JavaScript;SQL;TypeScript,None,MongoDB;Oracle;PostgreSQL,None,Microsoft Azure;OpenShift,None,Express;NestJS;Node.js;Spring Boot;Vue.js,None
9250,55-64y,USA,Bachelor’s degree,Bash/Shell (all shells);C;HTML/CSS;JavaScript;PHP;Python;SQL,Bash/Shell (all shells);C;Go;HTML/CSS;JavaScript;Perl;PHP;Rust;SQL,MySQL;PostgreSQL;Redis;Snowflake;SQLite,DuckDB;PostgreSQL;Redis;SQLite,Amazon Web Services (AWS),Amazon Web Services (AWS),Flask;Laravel;Node.js;Vue.js,Laravel;Vue.js
30537,25-34y,Turkey,Bachelor’s degree,C;C++,C;C++,None,None,None,None,None,None
8676,25-34y,USA,Bachelor’s degree,HTML/CSS;TypeScript,HTML/CSS;TypeScript,PostgreSQL,BigQuery;Cosmos DB;PostgreSQL,None,None,Angular,Angular
59049,Under 18y,Unknown,Unknown,None,None,None,None,None,None,None,None
14301,18-24y,Slovenia,Study wo degree,Bash/Shell (all shells);C;C++;HTML/CSS;Java;JavaScript;Python;Rust;SQL;TypeScript,C++;HTML/CSS;Python;Rust;TypeScript,MariaDB;MongoDB;SQLite,MariaDB;SQLite,Cloudflare,Cloudflare,Django;FastAPI;Flask;Vue.js;WordPress,Django;FastAPI;Flask;Vue.js;WordPress
60559,18-24y,Ukraine,Secondary School,HTML/CSS;JavaScript;TypeScript,Rust;TypeScript,Dynamodb;MongoDB;PostgreSQL,Firebase Realtime Database;MongoDB;PostgreSQL,Amazon Web Services (AWS);Vercel,Amazon Web Services (AWS);Firebase,Express;NestJS;Next.js;Node.js;React,Htmx;NestJS;Next.js;Node.js;React
22735,35-44y,Australia,Bachelor’s degree,Rust;SQL,Rust,SQLite,SQLite,None,None,None,None
34568,25-34y,Ukraine,Master’s degree,Bash/Shell (all shells);HTML/CSS;JavaScript;PHP;Python;Rust;SQL;TypeScript,None,BigQuery;Cassandra;Cockroachdb;MariaDB;MySQL;PostgreSQL;Redis,None,Amazon Web Services (AWS);Google Cloud;Render,None,Django;Express;Node.js;React,None
55055,18-24y,Unknown,Unknown,None,None,None,None,None,None,None,None
57251,45-54y,Sweden,Study wo degree,Bash/Shell (all shells);C#;HTML/CSS;JavaScript;Objective-C;PHP;PowerShell;Python;SQL;Swift;TypeScript;VBA,None,Cosmos DB;Microsoft Access;Microsoft SQL Server;MySQL;Snowflake;SQLite,None,Google Cloud;Microsoft Azure,None,ASP.NET;WordPress,None
60997,55-64y,USA,Bachelor’s degree,None,None,Microsoft Access,Microsoft Access,None,None,None,None
3800,35-44y,Netherlands,Professional degree,PHP,PHP,MariaDB;Solr,MariaDB;Solr,Amazon Web Services (AWS);Managed Hosting,Amazon Web Services (AWS);Managed Hosting,Drupal,Drupal
53535,35-44y,Germany,Secondary School,Bash/Shell (all shells);Dart;HTML/CSS;Java;JavaScript;Kotlin;PHP;SQL;Swift,Bash/Shell (all shells);Kotlin;SQL,MariaDB;MySQL;SQLite,MariaDB;MongoDB;MySQL;PostgreSQL;SQLite,Firebase,Firebase,jQuery;Spring Boot,Spring Boot
30885,35-44y,USA,Bachelor’s degree,C#;SQL,C#;Scala;SQL,Microsoft SQL Server,Microsoft SQL Server,Microsoft Azure,Microsoft Azure,None,None
57912,Under 18y,Taiwan,Study wo degree,Bash/Shell (all shells);C;C++;Dart;HTML/CSS;JavaScript;PowerShell;Python;Visual Basic (.Net),C;C++;HTML/CSS;JavaScript;Python,None,None,Cloudflare;Google Cloud,Cloudflare;Google Cloud,Flask;jQuery;Next.js,Flask;jQuery
14291,35-44y,Cameroon,Study wo degree,Python,Python,PostgreSQL,PostgreSQL,None,None,None,None
17017,18-24y,Ukraine,Bachelor’s degree,C#,C#;Python,None,None,Google Cloud,Google Cloud,None,None
32198,35-44y,Spain,Master’s degree,Bash/Shell (all shells);Kotlin;Python,Bash/Shell (all shells);HTML/CSS;Python,Dynamodb;Elasticsearch;MySQL,Cockroachdb;Elasticsearch;PostgreSQL;Redis,Amazon Web Services (AWS),Digital Ocean;Hetzner;Managed Hosting,Spring Boot,Django;FastAPI;Flask;Ruby on Rails
53809,25-34y,USA,Bachelor’s degree,Bash/Shell (all shells);C#;HTML/CSS;JavaScript;PHP;Python;Rust;SQL;TypeScript,Bash/Shell (all shells);C#;Elixir;HTML/CSS;JavaScript;Python;Rust;SQL;TypeScript,MariaDB;Oracle;PostgreSQL;Redis,MariaDB;PostgreSQL;Redis,"Amazon Web Services (AWS);Cloudflare;Linode, now Akamai;Microsoft Azure","Cloudflare;Linode, now Akamai",ASP.NET CORE;Blazor;FastAPI;React,FastAPI;Htmx;Next.js;Phoenix;React;Remix
58897,25-34y,Unknown,Unknown,None,None,None,None,None,None,None,None
51738,45-54y,USA,Master’s degree,Bash/Shell (all shells);C;C++;Rust,Bash/Shell (all shells);C;C++;Rust,None,None,None,None,None,None
52140,25-34y,Georgia,Primary school,Bash/Shell (all shells);HTML/CSS;Java;JavaScript;PHP;PowerShell;Python;SQL,None,Elasticsearch;Microsoft SQL Server;MySQL;Oracle;PostgreSQL,None,Amazon Web Services (AWS);Heroku,None,WordPress,None
58519,45-54y,Unknown,Unknown,Bash/Shell (all shells);Go;JavaScript;PHP;TypeScript,Bash/Shell (all shells);Go,MySQL;Redis;SQLite,SQLite,None,None,None,None
31639,18-24y,Finland,Bachelor’s degree,Bash/Shell (all shells);C#;HTML/CSS;Java;JavaScript;PowerShell;Python;SQL;TypeScript,None,Cosmos DB;Microsoft SQL Server;MongoDB;Oracle;PostgreSQL;SQLite,None,Microsoft Azure,Amazon Web Services (AWS);Google Cloud,ASP.NET;ASP.NET CORE;Express;jQuery;Node.js;React,Angular;AngularJS;Blazor;Next.js;Spring Boot
20121,55-64y,UK,Master’s degree,Java;JavaScript;TypeScript,Java;JavaScript;TypeScript,None,None,Amazon Web Services (AWS),Amazon Web Services (AWS),React,React
18780,25-34y,Ukraine,Master’s degree,HTML/CSS;JavaScript,C#;HTML/CSS;JavaScript;Kotlin,None,None,None,None,Express;jQuery;NestJS;Next.js;Node.js;Nuxt.js;Svelte,Angular;Express;jQuery;NestJS;Next.js;Node.js;Nuxt.js;React;Strapi;Svelte;Vue.js
31328,35-44y,Taiwan,Bachelor’s degree,Bash/Shell (all shells);C;C++;Dart;HTML/CSS;Java;JavaScript;Kotlin;PowerShell;Python;Swift,Bash/Shell (all shells);C;C++;Dart;Python;Swift,Firebase Realtime Database,Firebase Realtime Database,None,None,None,None
45851,35-44y,Romania,Bachelor’s degree,HTML/CSS;JavaScript;PHP,Assembly;HTML/CSS;JavaScript;PHP,MySQL,MySQL,None,None,jQuery,jQuery
475,35-44y,Ghana,Bachelor’s degree,Bash/Shell (all shells);Go;HTML/CSS;JavaScript;Python,Bash/Shell (all shells);C;C#;C++;Go;HTML/CSS;Java;JavaScript;Julia;Python;SQL;TypeScript,MariaDB;MySQL;PostgreSQL;SQLite;Supabase,Elasticsearch;MariaDB;MongoDB;MySQL;PostgreSQL;Redis;SQLite;Supabase,Alibaba Cloud;Amazon Web Services (AWS);Supabase,Alibaba Cloud;Amazon Web Services (AWS);Firebase;Fly.io;Google Cloud;IBM Cloud Or Watson;Microsoft Azure;OpenShift;Supabase,Django;Drupal;Express;Flask;Htmx;jQuery;Node.js;React;WordPress,ASP.NET;ASP.NET CORE;Blazor;Deno;Django;FastAPI;Flask;jQuery;Next.js;Node.js;Phoenix;React;Ruby on Rails;Svelte;Vue.js;WordPress
30775,25-34y,USA,Bachelor’s degree,C;C++;HTML/CSS;JavaScript;Python,C;C++;HTML/CSS;JavaScript;MicroPython;Python,Firebase Realtime Database;Redis;SQLite,Firebase Realtime Database;MySQL;PostgreSQL;Redis;SQLite,Firebase;Google Cloud,Amazon Web Services (AWS);Firebase;Google Cloud,FastAPI;Flask;Node.js;Vue.js,FastAPI;Flask;Node.js;React;Vue.js
57966,35-44y,Italy,Professional degree,Bash/Shell (all shells);C;C++;SQL,Bash/Shell (all shells);C++;Rust,SQLite,None,None,None,None,None
41711,45-54y,USA,Bachelor’s degree,JavaScript;PHP;SQL,JavaScript;PHP;SQL;TypeScript,MySQL;Redis,MySQL;PostgreSQL;SQLite,Amazon Web Services (AWS);Google Cloud,Amazon Web Services (AWS),Laravel;Vue.js,Laravel;Vue.js
57359,55-64y,Denmark,Master’s degree,Assembly;Bash/Shell (all shells);C;C++;Java;JavaScript;Objective-C;Perl;PHP;SQL,Assembly;Bash/Shell (all shells);C;C#;C++;JavaScript;Objective-C;Perl;PHP;SQL,Microsoft SQL Server;PostgreSQL,MariaDB;Microsoft SQL Server;PostgreSQL;SQLite,Amazon Web Services (AWS);Microsoft Azure,Amazon Web Services (AWS);Microsoft Azure,WordPress,ASP.NET CORE;WordPress
18499,55-64y,UK,Bachelor’s degree,Dart,Dart;Groovy;Kotlin,SQLite,SQLite,Amazon Web Services (AWS);Firebase;Google Cloud,Firebase,None,None
48196,Under 18y,USA,Primary school,Assembly;C;HTML/CSS;Java;JavaScript;Python;Rust,Assembly;C;C++;Python;Rust,SQLite;Supabase,Supabase,Digital Ocean;Supabase,Digital Ocean;Supabase,None,None
26759,45-54y,Saudi Arabia,Professional degree,None,None,None,None,None,None,None,None
41245,Prefer not to say,Finland,Something else,HTML/CSS;Java;JavaScript;Python,C#;HTML/CSS;Java;JavaScript;Kotlin;Python,None,None,None,None,Spring Boot,Spring Boot
54487,25-34y,India,Bachelor’s degree,HTML/CSS;PHP;Python;TypeScript,JavaScript;SQL,Dynamodb;Microsoft SQL Server;MongoDB;MySQL,Databricks SQL;PostgreSQL,Amazon Web Services (AWS);Firebase,Microsoft Azure,Django;FastAPI;Fastify;Flask;jQuery;NestJS;React,Express;Node.js
44280,25-34y,USA,Bachelor’s degree,C#;HTML/CSS;JavaScript;PowerShell;Ruby;SQL,C#;HTML/CSS;SQL,Microsoft SQL Server;SQLite,Microsoft SQL Server;SQLite,None,None,ASP.NET;ASP.NET CORE;jQuery;React,ASP.NET CORE;Blazor
23687,45-54y,UK,Professional degree,JavaScript;Python,Scala,Neo4J,Neo4J,None,None,None,None
11668,18-24y,Brazil,Bachelor’s degree,Dart;HTML/CSS;Kotlin;SQL;Swift,Dart;Java;JavaScript;Kotlin;Swift,MongoDB,MongoDB,Amazon Web Services (AWS);Firebase,Amazon Web Services (AWS);Firebase,None,None
62820,Prefer not to say,Unknown,Professional degree,None,None,None,None,None,None,None,None
17081,35-44y,Sweden,Professional degree,Bash/Shell (all shells);C#;HTML/CSS;Python;R;Ruby;Scala;SQL;Visual Basic (.Net),Bash/Shell (all shells);C#;HTML/CSS;Python;Scala;SQL;Visual Basic (.Net),BigQuery;Cassandra;Databricks SQL;Dynamodb;Elasticsearch;MariaDB;Microsoft Access;Microsoft SQL Server;MongoDB;MySQL;Oracle;PostgreSQL;Redis;Solr;SQLite,Cockroachdb;Couchbase;Dynamodb;Elasticsearch;MariaDB;MongoDB;PostgreSQL;Redis;Solr;SQLite,Digital Ocean;Firebase;Heroku,None,ASP.NET;Django;React,AngularJS;Django;Flask;React;Vue.js
19754,45-54y,Australia,Bachelor’s degree,HTML/CSS;JavaScript;PHP;Python;R;SQL;TypeScript,Python;R;TypeScript,Dynamodb;Elasticsearch;MariaDB;MySQL;PostgreSQL;SQLite,Elasticsearch;MySQL;PostgreSQL,Amazon Web Services (AWS);Cloudflare,Amazon Web Services (AWS),Angular;AngularJS;Django;Laravel;React;Symfony;Vue.js;WordPress;Yii 2,Django;React;Yii 2
53417,25-34y,USA,Bachelor’s degree,Python,C++;Python;Rust,None,None,None,None,None,None
34466,18-24y,Switzerland,Secondary School,C#;HTML/CSS;PHP;SQL,C++;Clojure;Java;Python;SQL,MariaDB;MySQL,MySQL,None,None,Laravel,Laravel;Vue.js
56227,18-24y,Canada,Bachelor’s degree,HTML/CSS;Java;JavaScript;Python;Ruby;SQL;TypeScript,HTML/CSS;Java;JavaScript;Python;TypeScript,Dynamodb;MongoDB;Neo4J;PostgreSQL,MongoDB;Neo4J;PostgreSQL,Amazon Web Services (AWS);Vercel,Firebase;Vercel,Express;NestJS;Next.js;React;Ruby on Rails,Express;Next.js;Nuxt.js;React;Vue.js
53049,18-24y,Italy,Secondary School,C;C#;Dart;HTML/CSS;Java;JavaScript;Kotlin;PHP;PowerShell;Python;SQL;Swift,Kotlin;Swift,MariaDB;Microsoft SQL Server;MySQL;SQLite,None,Firebase;VMware,Firebase,Spring Boot;WordPress,None
14965,25-34y,Germany,Bachelor’s degree,Bash/Shell (all shells);HTML/CSS;JavaScript;Lua;Rust;TypeScript,HTML/CSS;JavaScript;Lua;Rust;TypeScript,MongoDB;SQLite,None,Digital Ocean,None,Express;jQuery;Node.js,Node.js;Svelte
42010,18-24y,Hungary,Bachelor’s degree,C#,C#;Python,MySQL;SQLite,Cosmos DB;MySQL;SQLite,Microsoft Azure,Firebase;Google Cloud;Microsoft Azure,ASP.NET CORE;FastAPI;Spring Boot,ASP.NET CORE;React
10594,45-54y,Italy,Master’s degree,Bash/Shell (all shells);C;C#;C++;Java;JavaScript;PHP;Python;R;SQL;VBA;Visual Basic (.Net),Rust,Microsoft Access;Microsoft SQL Server;MySQL;Oracle;PostgreSQL;SQLite,None,Google Cloud;VMware,None,ASP.NET;Django;Drupal;WordPress,None
51222,35-44y,Belgium,Study wo degree,C#;HTML/CSS;JavaScript,C#;HTML/CSS;JavaScript,Microsoft SQL Server;MySQL,Microsoft SQL Server,Microsoft Azure,Microsoft Azure,ASP.NET;ASP.NET CORE;jQuery;Node.js;WordPress,ASP.NET CORE;Htmx;jQuery;Vue.js
38057,25-34y,Sweden,Associate degree,C#;HTML/CSS;JavaScript;Kotlin;PowerShell;SQL;Visual Basic (.Net),C#;JavaScript;Python;SQL,Cloud Firestore;Microsoft SQL Server,Microsoft SQL Server;SQLite,Firebase;Microsoft Azure,Amazon Web Services (AWS);Firebase;Google Cloud;Microsoft Azure,ASP.NET;ASP.NET CORE;Blazor;Node.js;React,ASP.NET;ASP.NET CORE;Blazor
252,35-44y,USA,Master’s degree,Bash/Shell (all shells);C;C++;MATLAB;Python;Rust;TypeScript,Bash/Shell (all shells);C;Julia;MATLAB;Python;Rust,SQLite,SQLite,Amazon Web Services (AWS),None,None,None
10666,18-24y,Germany,Bachelor’s degree,C#;HTML/CSS;Java;JavaScript;SQL,C#;HTML/CSS;Java;JavaScript,MariaDB;MySQL,MariaDB;MySQL,None,None,Angular;AngularJS;Node.js;React;WordPress,Angular;AngularJS;Node.js;React;WordPress
13729,25-34y,Brazil,Master’s degree,C#;HTML/CSS;JavaScript;TypeScript,C#;HTML/CSS;JavaScript;TypeScript,Cloud Firestore;Firebase Realtime Database;IBM DB2;InfluxDB;Microsoft SQL Server;MySQL;Redis;SQLite,Cassandra;Dynamodb;Elasticsearch;Firebase Realtime Database;InfluxDB;Microsoft SQL Server;MySQL;Redis;SQLite,Amazon Web Services (AWS);Firebase;Google Cloud;Oracle Cloud Infrastructure (OCI);VMware,Amazon Web Services (AWS),Angular;AngularJS;ASP.NET;ASP.NET CORE;Express;Next.js;Node.js,Angular;AngularJS;ASP.NET;ASP.NET CORE;Express;Next.js;Node.js
631,25-34y,USA,Master’s degree,Assembly;Bash/Shell (all shells);C;C++;Java;JavaScript;Python;Rust,Python;Rust,None,None,None,None,None,None
46591,35-44y,USA,Master’s degree,C;C#;C++;HTML/CSS;JavaScript;Objective-C;SQL;TypeScript;VBA;Visual Basic (.Net),None,Dynamodb;Microsoft Access;Microsoft SQL Server;MongoDB;MySQL;Oracle;PostgreSQL;Redis;SQLite,None,Amazon Web Services (AWS);Microsoft Azure,None,Angular;AngularJS;ASP.NET;ASP.NET CORE;Blazor;jQuery;Next.js;Node.js;React;Vue.js;WordPress,None
49835,65y+,USA,Master’s degree,None,None,None,None,Amazon Web Services (AWS),Amazon Web Services (AWS),None,None
9684,45-54y,Australia,Bachelor’s degree,Java;JavaScript;PowerShell;SQL;TypeScript,Java;JavaScript;TypeScript,Dynamodb;PostgreSQL,Dynamodb;Elasticsearch;PostgreSQL,Amazon Web Services (AWS),Amazon Web Services (AWS),Node.js;React;Spring Boot,Node.js;React;Spring Boot
52805,35-44y,USA,Bachelor’s degree,Bash/Shell (all shells);Go;HTML/CSS;Java;JavaScript;Kotlin;Python;SQL;TypeScript,HTML/CSS;Java;JavaScript;Kotlin,Firebase Realtime Database;MySQL;PostgreSQL;Redis;Snowflake,MySQL;Snowflake,Amazon Web Services (AWS);Cloudflare;Firebase,Amazon Web Services (AWS),Angular;Gatsby;Next.js;Node.js;React;Spring Boot,Next.js;Node.js;React;Spring Boot
30529,35-44y,UK,Master’s degree,Scala,OCaml;Scala,Dynamodb;PostgreSQL,Dynamodb;PostgreSQL,Amazon Web Services (AWS),Amazon Web Services (AWS),Django,None
25698,65y+,Germany,Professional degree,F#,F#,None,None,Amazon Web Services (AWS),Amazon Web Services (AWS),Blazor,Blazor
29564,25-34y,USA,Bachelor’s degree,C#;HTML/CSS;Java;JavaScript;Python;SQL;TypeScript;Visual Basic (.Net),C;C++;MATLAB,Microsoft SQL Server,MongoDB;Oracle;PostgreSQL;SQLite,Amazon Web Services (AWS);Microsoft Azure,Amazon Web Services (AWS);Microsoft Azure,Angular;AngularJS;ASP.NET;ASP.NET CORE;Node.js;Spring Boot,Angular;ASP.NET;ASP.NET CORE;Node.js;Spring Boot
64143,35-44y,USA,Master’s degree,None,None,None,None,None,None,None,None
2339,Under 18y,USA,Secondary School,Bash/Shell (all shells);Go;HTML/CSS;JavaScript;Ruby,Elixir;Erlang;HTML/CSS;JavaScript;Lisp;OCaml;Ruby;Swift;TypeScript,PostgreSQL;SQLite,Elasticsearch;PostgreSQL;Redis;SQLite,"Cloudflare;Fly.io;Linode, now Akamai;Netlify;Vercel",Fly.io;Heroku;Netlify,Astro;Deno;Htmx;jQuery;Node.js;Ruby on Rails;Svelte,Astro;Deno;Htmx;jQuery;Phoenix;Ruby on Rails;Svelte
25504,35-44y,Turkey,Primary school,JavaScript;PHP;SQL,JavaScript;PHP;SQL,MariaDB;MySQL;Redis;SQLite,MariaDB;MySQL;Redis;SQLite,None,None,Laravel;Vue.js,Laravel;Vue.js
38852,25-34y,Dominican Republic,Bachelor’s degree,HTML/CSS;JavaScript;PowerShell;SQL,C#;Dart;HTML/CSS;JavaScript;PowerShell;Python;SQL,MySQL,MySQL;Oracle;PostgreSQL;SQLite,None,None,Node.js;React;Svelte,ASP.NET;ASP.NET CORE;Express;Next.js;Node.js;React;Svelte
56575,25-34y,Tunisia,Master’s degree,JavaScript;Python;Scala;SQL,C++;Go;Java;Python;Rust;Scala,DuckDB;Presto,DuckDB;Presto,Amazon Web Services (AWS),Amazon Web Services (AWS),Angular;Flask,None
53755,25-34y,Canada,Associate degree,Bash/Shell (all shells);HTML/CSS;JavaScript;Python;SQL;TypeScript,Bash/Shell (all shells);C;Go;R;Rust;SQL;Swift;TypeScript,Dynamodb;PostgreSQL;Redis;SQLite,Firebase Realtime Database;Microsoft SQL Server;Oracle;PostgreSQL;Redis,Amazon Web Services (AWS);Cloudflare;Netlify;Vercel,Netlify;Vercel,Flask;NestJS;Next.js;Node.js;React,Deno;NestJS;Node.js;React
1737,25-34y,Ukraine,Bachelor’s degree,Go;JavaScript;PHP,Go;JavaScript;Rust,Elasticsearch;PostgreSQL;Redis,Elasticsearch;MongoDB;PostgreSQL;Redis,Amazon Web Services (AWS);Google Cloud,Amazon Web Services (AWS);Google Cloud,None,None
52705,35-44y,Australia,Study wo degree,Assembly;Bash/Shell (all shells);C;C++;Groovy;HTML/CSS;JavaScript;MicroPython;PowerShell;Python;Rust;SQL;TypeScript;Zig,Assembly;Python;Zig,Dynamodb;Neo4J;PostgreSQL;SQLite,PostgreSQL;SQLite;Supabase,Amazon Web Services (AWS);Microsoft Azure,Amazon Web Services (AWS);Google Cloud,Django;Nuxt.js;Vue.js,Django;FastAPI;Htmx;Nuxt.js;Vue.js
43333,25-34y,Sweden,Master’s degree,C++;Python;SQL,Bash/Shell (all shells);C++;Python,Microsoft SQL Server;PostgreSQL,None,None,None,None,None
45062,25-34y,Romania,Bachelor’s degree,C#;HTML/CSS;TypeScript,C#;HTML/CSS;JavaScript;TypeScript,Cosmos DB;Redis,Cosmos DB;Redis;SQLite,Microsoft Azure,Microsoft Azure,ASP.NET CORE;React,ASP.NET CORE;Htmx
24780,45-54y,Germany,Professional degree,Bash/Shell (all shells);C++;Python,Bash/Shell (all shells);C++;Julia;Kotlin;Python;Rust,SQLite,None,None,None,None,None
57070,18-24y,Viet Nam,Study wo degree,C;C#;C++;Dart;Go;Groovy;HTML/CSS;Java;JavaScript;Kotlin;Lua;PHP;PowerShell;Ruby;Rust;Scala;SQL;TypeScript,C#;Dart;Go;Groovy;HTML/CSS;Java;JavaScript;Kotlin;Lua;PHP;SQL;TypeScript,Cassandra;Elasticsearch;H2;MariaDB;Microsoft SQL Server;MongoDB;MySQL;PostgreSQL,Elasticsearch;H2;MariaDB;Microsoft SQL Server;MongoDB;MySQL;Neo4J;Oracle;PostgreSQL;Redis,Amazon Web Services (AWS);Supabase;VMware,Amazon Web Services (AWS);Cloudflare;Digital Ocean;Firebase;Google Cloud;Heroku;Microsoft Azure;Supabase;Vercel;VMware;Vultr,Angular;ASP.NET;ASP.NET CORE;Astro;Blazor;Express;Laravel;NestJS;Next.js;Node.js;Nuxt.js;React;Ruby on Rails;Spring Boot;Svelte;Vue.js,Angular;ASP.NET CORE;Deno;Express;Fastify;NestJS;Next.js;Node.js;Nuxt.js;React;Remix;Spring Boot;Svelte;Vue.js
36471,18-24y,Ukraine,Study wo degree,C#;C++;Delphi;HTML/CSS;JavaScript,None,MongoDB;MySQL,None,Firebase;Netlify;Vercel,None,None,None
47826,35-44y,Italy,Bachelor’s degree,Java;PHP,Java,Cassandra;Elasticsearch;MySQL;Oracle,Cassandra;MongoDB;MySQL;Oracle;PostgreSQL,Amazon Web Services (AWS);Microsoft Azure;OpenShift,Amazon Web Services (AWS);Microsoft Azure;OpenShift,jQuery;Spring Boot;Symfony,Spring Boot
60642,25-34y,Israel,Study wo degree,None,None,None,None,None,None,None,None
13083,25-34y,Brazil,Primary school,Dart;HTML/CSS;JavaScript;PHP;Python;SQL,None,MySQL,None,Amazon Web Services (AWS);Firebase,None,jQuery,None
17050,25-34y,Bangladesh,Bachelor’s degree,C#;HTML/CSS;JavaScript;TypeScript,C#;GDScript;HTML/CSS;JavaScript;Python;SQL;TypeScript;Zig,Firebase Realtime Database;Microsoft SQL Server;MongoDB;Supabase,Firebase Realtime Database;Microsoft SQL Server;MongoDB;Supabase,Microsoft Azure,Microsoft Azure,Angular;ASP.NET CORE;Blazor;Express;Next.js;Node.js;React,ASP.NET CORE;Express;Next.js;Node.js;React
50480,25-34y,Germany,Master’s degree,Bash/Shell (all shells);Java;SQL,None,Cosmos DB;Dynamodb;PostgreSQL;Solr,None,Amazon Web Services (AWS);Microsoft Azure,None,None,None
16823,18-24y,Germany,Bachelor’s degree,Bash/Shell (all shells);C;C++;Go;HTML/CSS;JavaScript;Python;Rust;SQL;TypeScript,Bash/Shell (all shells);C;C++;Go;HTML/CSS;Java;JavaScript;Kotlin;Python;Rust;SQL;TypeScript,MySQL;SQLite,InfluxDB;MySQL;Redis;SQLite,None,None,Astro;Deno;FastAPI;Svelte,Angular;Deno;FastAPI;Flask;Spring Boot;Svelte;Vue.js
14883,18-24y,Egypt,Study wo degree,C;HTML/CSS;JavaScript;Python;TypeScript,HTML/CSS;JavaScript;TypeScript,None,None,None,None,Angular;Next.js,Angular;Next.js
18849,45-54y,Netherlands,Associate degree,C#;JavaScript;Python;TypeScript,C++;Rust,MySQL;SQLite;Supabase,None,Cloudflare;Digital Ocean;Managed Hosting;Supabase;Vercel,None,ASP.NET CORE;Deno;Node.js;Strapi;Svelte,None
48686,35-44y,Unknown,Bachelor’s degree,None,None,None,None,None,None,None,None
47435,35-44y,South Africa,Master’s degree,Bash/Shell (all shells);Go;JavaScript;Perl;Python;R;Ruby;Scala;SQL,Bash/Shell (all shells);Python;Ruby;Scala;SQL,DuckDB;Dynamodb;MySQL;Neo4J;PostgreSQL;Presto;Snowflake,DuckDB;Dynamodb;PostgreSQL;Presto,Amazon Web Services (AWS),Amazon Web Services (AWS),Svelte,Svelte
27696,18-24y,Austria,Secondary School,Bash/Shell (all shells);C;C#;C++;Dart;GDScript;HTML/CSS;Java;JavaScript;Kotlin;PHP;PowerShell;Python;SQL;TypeScript,Bash/Shell (all shells);C;C#;C++;Dart;GDScript;HTML/CSS;JavaScript;Kotlin;PowerShell;Python;SQL;TypeScript,Elasticsearch;InfluxDB;MariaDB;Microsoft SQL Server;MongoDB;MySQL;Neo4J;Oracle;PostgreSQL;Redis;SQLite,Elasticsearch;InfluxDB;MariaDB;Microsoft SQL Server;MongoDB;MySQL;Neo4J;Oracle;PostgreSQL;Redis;SQLite,Firebase;Google Cloud;Microsoft Azure,Microsoft Azure,ASP.NET;ASP.NET CORE;Blazor;Express;Flask;React;Spring Boot,ASP.NET CORE;Blazor;Express;FastAPI;Flask;Next.js;React
40433,25-34y,Spain,Bachelor’s degree,Rust,OCaml;Rust;Zig,PostgreSQL,PostgreSQL,None,None,Vue.js,Vue.js
11598,Under 18y,USA,Secondary School,Bash/Shell (all shells);HTML/CSS;JavaScript;PHP;Python,Bash/Shell (all shells);C;C#;C++;HTML/CSS;JavaScript;PHP;Python,InfluxDB;MySQL;SQLite,InfluxDB;MySQL;SQLite,None,None,WordPress,None
57289,45-54y,Kenya,Bachelor’s degree,HTML/CSS;JavaScript;PowerShell;Python;SQL,HTML/CSS;JavaScript;Kotlin;PowerShell;Python;Rust;SQL;TypeScript,MariaDB;Microsoft SQL Server;MySQL;PostgreSQL;SQLite,Firebase Realtime Database;Microsoft SQL Server;MySQL;PostgreSQL;SQLite,None,None,Django;Htmx;jQuery;React,Django;Express;Htmx;Next.js;React
26465,45-54y,USA,Master’s degree,Bash/Shell (all shells);C;C++;HTML/CSS;Java;JavaScript;Perl;SQL,Bash/Shell (all shells);C;C++;HTML/CSS;Java;JavaScript;Perl;SQL,PostgreSQL,PostgreSQL,None,None,jQuery,jQuery
38051,35-44y,UK,Study wo degree,Go;Java;JavaScript;Python;Rust;SQL;TypeScript,Go,Dynamodb;MariaDB;PostgreSQL,None,Amazon Web Services (AWS),None,Svelte;Vue.js,None
55648,25-34y,Portugal,Bachelor’s degree,C#;HTML/CSS;JavaScript;PowerShell;TypeScript,HTML/CSS;JavaScript;PowerShell;TypeScript,Microsoft SQL Server;SQLite,Microsoft SQL Server;SQLite,None,None,Angular;ASP.NET CORE;Node.js,Angular;ASP.NET CORE;Node.js
46736,25-34y,India,Bachelor’s degree,JavaScript;SQL;TypeScript,Go;JavaScript;Kotlin;Rust;Scala;SQL;TypeScript,BigQuery;PostgreSQL;SQLite,BigQuery;Dynamodb;MongoDB;Neo4J;PostgreSQL,Amazon Web Services (AWS),Amazon Web Services (AWS);Google Cloud;Microsoft Azure;OpenShift,Express;NestJS;Node.js;Vue.js,Express;NestJS;Node.js;Vue.js
52897,25-34y,Greece,Study wo degree,HTML/CSS;SQL;TypeScript,HTML/CSS;SQL;TypeScript,PostgreSQL,PostgreSQL,Firebase;Google Cloud,None,Node.js;React,Node.js;React
274,45-54y,USA,Bachelor’s degree,C#;C++;Java;Lua;PowerShell;Python;SQL,C#;Java;PowerShell;Python;Rust,MariaDB;Microsoft SQL Server;PostgreSQL,Cassandra;Microsoft SQL Server;PostgreSQL,Google Cloud;Microsoft Azure;VMware,Google Cloud;Microsoft Azure;VMware,Angular;AngularJS;ASP.NET;ASP.NET CORE;Spring Boot,Spring Boot
63613,35-44y,Unknown,Master’s degree,None,None,None,None,None,None,None,None
12521,25-34y,Nigeria,Bachelor’s degree,JavaScript,JavaScript,Firebase Realtime Database,Firebase Realtime Database,Google Cloud,Google Cloud,None,None
14917,35-44y,Netherlands,Master’s degree,Bash/Shell (all shells);Go;Java;Kotlin;Python;Rust,Bash/Shell (all shells);C;C++;Haskell;Java;Kotlin;Rust,Microsoft SQL Server;MongoDB;PostgreSQL,Clickhouse;Databricks SQL;Microsoft SQL Server;PostgreSQL;Redis,Amazon Web Services (AWS);Microsoft Azure,Google Cloud;Microsoft Azure,Spring Boot,Spring Boot
33859,18-24y,Ghana,Study wo degree,Dart;JavaScript;MicroPython;Python;TypeScript,Dart;GDScript;Go;Python;TypeScript,Cloud Firestore;MongoDB,Cloud Firestore;Elasticsearch;Redis,Digital Ocean;Firebase;Google Cloud;Netlify;Vercel,Firebase;Google Cloud;Netlify;Vercel,Express;Next.js;Node.js;React,Express;Next.js;Vue.js
51776,25-34y,USA,Professional degree,Bash/Shell (all shells);C;C++;HTML/CSS;Java;JavaScript;Lua;MATLAB;PowerShell;Python;SQL;TypeScript,Bash/Shell (all shells);C;C++;HTML/CSS;Java;JavaScript;Lua;Python;Rust;SQL;TypeScript,PostgreSQL;Redis,Elasticsearch;PostgreSQL;Redis,Amazon Web Services (AWS);Google Cloud;Hetzner,Google Cloud;Hetzner,FastAPI;Node.js;Svelte,FastAPI;Node.js;Svelte
36073,25-34y,UK,Bachelor’s degree,Swift,Swift,None,None,None,None,None,None
38353,35-44y,Germany,Study wo degree,Bash/Shell (all shells);Elixir;JavaScript;Ruby;SQL;TypeScript,Bash/Shell (all shells);Elixir;Erlang;JavaScript;SQL,PostgreSQL,PostgreSQL,Google Cloud;Heroku,None,Phoenix;Ruby on Rails;Vue.js,Phoenix;Vue.js
6341,25-34y,Italy,Master’s degree,C;HTML/CSS;Java;Python;TypeScript,C;Go;Python,Couch DB;Dynamodb;PostgreSQL;SQLite,PostgreSQL;SQLite,Amazon Web Services (AWS),None,Django;React,Django
40170,18-24y,Japan,Study wo degree,Bash/Shell (all shells);C#;C++;HTML/CSS;Java;JavaScript;Kotlin;PHP;PowerShell;Python;SQL;Swift;TypeScript,Bash/Shell (all shells);C#;C++;Dart;Go;HTML/CSS;Java;JavaScript;Kotlin;PowerShell;Python;Ruby;TypeScript,MariaDB;Microsoft SQL Server;MongoDB;MySQL;PostgreSQL,BigQuery;MySQL,Amazon Web Services (AWS);Cloudflare;Google Cloud;Microsoft Azure;Render;Vultr,Amazon Web Services (AWS);Cloudflare;Google Cloud,CodeIgniter;Express;Laravel;Next.js;Node.js;Nuxt.js;React;Vue.js,Express;Next.js;Node.js;Nuxt.js;React;Remix;Ruby on Rails;Vue.js
9101,45-54y,USA,Study wo degree,HTML/CSS;JavaScript;SQL,HTML/CSS;JavaScript;SQL,Microsoft SQL Server,Microsoft SQL Server,OpenShift,OpenShift,Express;jQuery;Node.js,Express;jQuery;Node.js
30151,18-24y,USA,Study wo degree,Bash/Shell (all shells);C;C++;Haskell;HTML/CSS;Java;JavaScript;Lisp;Lua;Objective-C;Python;Rust;SQL;Swift;TypeScript,C;C++;Go;Haskell;Python;Rust;SQL;Swift;TypeScript,Cockroachdb;DuckDB;MongoDB;PostgreSQL;SQLite,PostgreSQL,None,None,Next.js;Node.js;Svelte,Svelte
38405,25-34y,Netherlands,Master’s degree,Bash/Shell (all shells);C#;Go;Groovy;HTML/CSS;Java;Kotlin;Lua;PowerShell;Python;Rust;SQL,Bash/Shell (all shells);C#;Go;Kotlin;Lua;Rust,BigQuery;Elasticsearch;MariaDB;MongoDB;MySQL;PostgreSQL;SQLite,PostgreSQL;SQLite,Cloudflare;Digital Ocean;Google Cloud,"Google Cloud;Linode, now Akamai",Angular;ASP.NET CORE;Node.js;React;Spring Boot,Angular;ASP.NET CORE;Htmx
28151,18-24y,Italy,Study wo degree,C,C,None,None,None,None,None,None
41176,18-24y,Czechia,Bachelor’s degree,C#;HTML/CSS;Java;JavaScript;PHP;PowerShell;SQL;TypeScript,C#;HTML/CSS;JavaScript;PHP;PowerShell;Rust;SQL;TypeScript,Elasticsearch;Microsoft Access;Microsoft SQL Server;MySQL;Oracle,Elasticsearch;Microsoft SQL Server,None,None,Angular;ASP.NET;ASP.NET CORE;Express;FastAPI;Node.js;Nuxt.js;Vue.js,ASP.NET;ASP.NET CORE;Express;Node.js;Svelte;Vue.js
5368,25-34y,Ireland,Associate degree,Java;SQL;TypeScript,Java;Kotlin;Python;SQL,MySQL;PostgreSQL,PostgreSQL,Microsoft Azure,Microsoft Azure,React;Spring Boot,React;Spring Boot
53231,25-34y,Canada,Bachelor’s degree,C#;HTML/CSS;Java;JavaScript;Kotlin;Python;SQL;TypeScript;VBA,C#;GDScript;HTML/CSS;Java;JavaScript;Kotlin;Python;TypeScript,Cassandra;Couch DB;Elasticsearch;InfluxDB;MariaDB;MongoDB;MySQL;PostgreSQL,Cassandra;Cockroachdb;Couchbase;Elasticsearch;Firebase Realtime Database;MongoDB;PostgreSQL;RavenDB;Redis;TiDB,Managed Hosting;VMware,Amazon Web Services (AWS);Cloudflare;Firebase;Managed Hosting;OpenStack;VMware,ASP.NET;ASP.NET CORE;React;Spring Boot;Vue.js,ASP.NET;ASP.NET CORE;FastAPI;React;Vue.js
16029,35-44y,China,Bachelor’s degree,Bash/Shell (all shells);Elixir;GDScript;HTML/CSS;JavaScript;Rust;Solidity;TypeScript;Zig,Elixir;GDScript;HTML/CSS;JavaScript;Rust;TypeScript;Zig,PostgreSQL;SQLite,PostgreSQL;SQLite,Cloudflare;Firebase;Fly.io,Cloudflare;Firebase;Fly.io,Phoenix,Phoenix
36234,25-34y,Portugal,Bachelor’s degree,HTML/CSS;JavaScript;SQL,HTML/CSS;JavaScript;Python;TypeScript,MySQL;PostgreSQL,PostgreSQL,Amazon Web Services (AWS);Netlify,None,jQuery;Next.js;Node.js;React,Next.js;Node.js;React
16850,18-24y,Lithuania,Bachelor’s degree,HTML/CSS;Java;JavaScript;SQL,Java;SQL,MySQL;Oracle;PostgreSQL,MySQL;PostgreSQL,VMware,None,Node.js;React;Spring Boot,Spring Boot
58082,25-34y,Australia,Bachelor’s degree,Bash/Shell (all shells);C#;HTML/CSS;JavaScript;Python;SQL;TypeScript,Bash/Shell (all shells);C#;HTML/CSS;Python;SQL;TypeScript,Microsoft SQL Server;MongoDB;Oracle;PostgreSQL;SQLite,Microsoft SQL Server;MongoDB;PostgreSQL;SQLite,Amazon Web Services (AWS);Heroku;Microsoft Azure;Vercel,Cloudflare,Angular;ASP.NET;ASP.NET CORE;Next.js;Node.js;React,Angular;ASP.NET CORE;Blazor;Node.js;Svelte
26331,25-34y,Bolivia,Bachelor’s degree,JavaScript;TypeScript,Java;JavaScript;Kotlin;TypeScript,PostgreSQL,PostgreSQL,Amazon Web Services (AWS);Firebase;Managed Hosting;Vercel,Amazon Web Services (AWS);Firebase;Managed Hosting;Vercel,Express;NestJS;Next.js;Node.js;React,Express;NestJS;Next.js;Node.js;React;Svelte;Vue.js;WordPress
43784,35-44y,USA,Bachelor’s degree,Bash/Shell (all shells);Go;Java;JavaScript;PowerShell;Python;SQL;TypeScript,Java;JavaScript;TypeScript,H2;MySQL;Redis,H2;MySQL,Amazon Web Services (AWS);Google Cloud,Amazon Web Services (AWS);Google Cloud,Django;Node.js;React;Spring Boot,Node.js;React;Spring Boot
64025,35-44y,Unknown,Unknown,None,None,None,None,None,None,None,None
45996,55-64y,Canada,Bachelor’s degree,Bash/Shell (all shells);C;C#;C++;HTML/CSS;JavaScript;Kotlin;MicroPython;Objective-C;PowerShell;Python;SQL;Swift;Visual Basic (.Net),Bash/Shell (all shells);C;C#;C++;HTML/CSS;JavaScript;Kotlin;MicroPython;PowerShell;Python;SQL;Swift,Microsoft SQL Server;MySQL;Oracle;PostgreSQL;SQLite,Microsoft SQL Server;MySQL;Oracle;PostgreSQL;SQLite,"Amazon Web Services (AWS);Google Cloud;Linode, now Akamai;Microsoft Azure",Amazon Web Services (AWS);Google Cloud;Microsoft Azure,Angular;ASP.NET;ASP.NET CORE;jQuery;Laravel,ASP.NET CORE;Blazor;Django
3289,18-24y,Ukraine,Study wo degree,Assembly;Bash/Shell (all shells);C;C#;F#;Go;HTML/CSS;Java;JavaScript;PHP;Prolog;Python;Rust;SQL,Bash/Shell (all shells);C#;JavaScript;Python;SQL,Microsoft SQL Server;MySQL;SQLite,Microsoft SQL Server;MySQL;SQLite,Amazon Web Services (AWS);Digital Ocean;Google Cloud,Amazon Web Services (AWS);Cloudflare;Digital Ocean;Google Cloud;Heroku,ASP.NET;ASP.NET CORE,ASP.NET CORE;React;Svelte
17747,35-44y,USA,Study wo degree,Assembly;Delphi;Go;Objective-C;Perl,Bash/Shell (all shells);C;C#;C++;HTML/CSS;Lua;PHP;PowerShell;Python;SQL,MySQL,MariaDB;SQLite,Amazon Web Services (AWS),Cloudflare;VMware,None,None
54392,25-34y,India,Bachelor’s degree,HTML/CSS;JavaScript;PHP;TypeScript,PHP;TypeScript,MongoDB;MySQL,MongoDB;MySQL,Amazon Web Services (AWS);Cloudflare;Digital Ocean;Firebase;Heroku;Microsoft Azure;Render;Vercel,Amazon Web Services (AWS);Digital Ocean;Firebase;Heroku;Microsoft Azure;Render;Vercel,Express;jQuery;Node.js;Nuxt.js;React;Vue.js;WordPress;Yii 2,Express;NestJS;Next.js;Remix
6062,65y+,USA,Bachelor’s degree,Bash/Shell (all shells);C;C++;HTML/CSS;Java;Python,C++;HTML/CSS;Python,None,None,None,None,None,None
59324,25-34y,USA,Study wo degree,Bash/Shell (all shells);JavaScript;TypeScript,Go;JavaScript;Ruby;TypeScript,None,None,Amazon Web Services (AWS);Google Cloud,None,Angular,Angular;Ruby on Rails
16346,18-24y,Ukraine,Bachelor’s degree,HTML/CSS;JavaScript;Python,C#;Python,None,None,None,None,None,None
37371,25-34y,Ukraine,Master’s degree,Go;Python,Go;Python,None,None,None,None,None,None
62110,18-24y,Unknown,Master’s degree,None,None,None,None,None,None,None,None
5477,45-54y,India,Bachelor’s degree,Elixir;HTML/CSS;JavaScript;Python,HTML/CSS;JavaScript;Python,MongoDB;PostgreSQL;Redis,MongoDB;PostgreSQL;Redis,Amazon Web Services (AWS);Cloudflare;Firebase;Hetzner,Amazon Web Services (AWS);Cloudflare;Firebase;Hetzner,Express;FastAPI;Htmx;Node.js,Express;FastAPI;Htmx;Node.js
1035,55-64y,USA,Bachelor’s degree,JavaScript;Python;SQL,JavaScript;Python;SQL,Oracle;PostgreSQL,Oracle;PostgreSQL,Amazon Web Services (AWS),Amazon Web Services (AWS),Django;Flask,Django;Flask
13713,18-24y,India,Bachelor’s degree,C;C++;HTML/CSS;Java;JavaScript;Python;R;SQL;TypeScript,HTML/CSS;Java;JavaScript;Python;SQL;TypeScript,BigQuery;Firebase Realtime Database;MySQL;Oracle;PostgreSQL;SQLite,MongoDB;PostgreSQL,Google Cloud;IBM Cloud Or Watson,Amazon Web Services (AWS);Google Cloud;IBM Cloud Or Watson;Microsoft Azure,Angular;Django;React;Spring Boot;WordPress,React;Spring Boot
52283,35-44y,Switzerland,Bachelor’s degree,C#,C#,MongoDB;MySQL;PostgreSQL;SQLite,MongoDB;MySQL;PostgreSQL;SQLite,Google Cloud;Microsoft Azure;VMware,Google Cloud;VMware,None,None
4208,18-24y,Poland,Master’s degree,C#;HTML/CSS;Java;JavaScript;PowerShell;Python;SQL;TypeScript,C#;Go;HTML/CSS;Java;JavaScript;PowerShell;Python;SQL;TypeScript,MySQL;PostgreSQL;Redis;SQLite,PostgreSQL;Redis;SQLite,Firebase;Google Cloud;IBM Cloud Or Watson;Render,Amazon Web Services (AWS);Firebase;Google Cloud;IBM Cloud Or Watson,Angular;AngularJS;Django;FastAPI;Flask;jQuery;Node.js;React;Vue.js;WordPress,Django;FastAPI;Node.js;Vue.js
6667,25-34y,Germany,Secondary School,HTML/CSS;JavaScript;Kotlin;Python;SQL;TypeScript,Go;HTML/CSS;JavaScript;Kotlin;Python;Rust;SQL;TypeScript,MariaDB;MongoDB,MariaDB;MongoDB;SQLite,"Cloudflare;Linode, now Akamai","Cloudflare;Linode, now Akamai",Node.js;Svelte,Htmx;Node.js;Svelte
54712,25-34y,Belgium,Bachelor’s degree,Assembly;Bash/Shell (all shells);HTML/CSS;JavaScript;PHP;PowerShell;Python;SQL;TypeScript,Bash/Shell (all shells);HTML/CSS;JavaScript;PHP;Python;SQL;TypeScript,MariaDB;Microsoft SQL Server;MySQL;SQLite,MariaDB;MySQL,Cloudflare;Google Cloud;Microsoft Azure;VMware,Google Cloud;Microsoft Azure;VMware,Angular;Drupal;jQuery;Laravel;Next.js;Node.js;Vue.js;WordPress,Angular;Drupal;jQuery;Node.js;WordPress
56314,35-44y,USA,Master’s degree,C++;Java;Python;Rust;Scala;SQL,Java;Python;Scala;SQL,None,None,None,None,None,None
11807,25-34y,Thailand,Secondary School,OCaml,OCaml,SQLite,BigQuery;SQLite,Amazon Web Services (AWS),Amazon Web Services (AWS),Angular,Angular
12104,35-44y,Canada,Master’s degree,Bash/Shell (all shells);Go;JavaScript;Lua;Python;Rust;SQL;TypeScript,Rust,MariaDB;MongoDB,None,Amazon Web Services (AWS);Cloudflare,None,Express;React,Express;React
16177,25-34y,Spain,Master’s degree,HTML/CSS;JavaScript;Python;R;Scala;SQL;TypeScript,Python;R;SQL;TypeScript,MariaDB;Microsoft SQL Server;MySQL,Microsoft SQL Server;MongoDB;MySQL;Neo4J;PostgreSQL,Microsoft Azure;OpenShift;Oracle Cloud Infrastructure (OCI);Render,Amazon Web Services (AWS);Cloudflare;Google Cloud;Hetzner;Microsoft Azure;OpenShift;Oracle Cloud Infrastructure (OCI);Render,Django;Flask;Vue.js,FastAPI;React;Vue.js
10181,35-44y,UK,Study wo degree,HTML/CSS;JavaScript;PHP;Python;SQL;TypeScript,HTML/CSS;JavaScript;Python;SQL;TypeScript,MariaDB;MongoDB;MySQL;PostgreSQL;SQLite,MariaDB;MongoDB;MySQL;PostgreSQL;SQLite,Amazon Web Services (AWS);Cloudflare;Google Cloud;Netlify;Vercel,Amazon Web Services (AWS);Cloudflare;Google Cloud;Netlify;Vercel,Astro;Drupal;Express;Gatsby;Htmx;Laravel;Next.js;Node.js;React;WordPress,Astro;Express;Gatsby;Laravel;Next.js;Node.js;React;Svelte
32764,45-54y,Bulgaria,Bachelor’s degree,C#;HTML/CSS;JavaScript;PHP;Python;SQL;TypeScript,C#;Lisp;TypeScript,Microsoft SQL Server;MySQL,Microsoft SQL Server,Amazon Web Services (AWS);Microsoft Azure,None,Angular;ASP.NET;Blazor;Django;React,Angular;ASP.NET
2976,35-44y,Australia,Professional degree,C;C#;C++;MATLAB;Python;Visual Basic (.Net),None,Microsoft SQL Server;SQLite,None,Microsoft Azure,None,None,None
24110,18-24y,Bangladesh,Secondary School,C++;Java;JavaScript;TypeScript,C++;Go;Java;JavaScript;PHP;Python;SQL;TypeScript,MongoDB;MySQL,MongoDB;MySQL;PostgreSQL;Redis,Vercel,Digital Ocean;Firebase;Vercel,Express;NestJS;Next.js;Node.js;React;WordPress,AngularJS;Django;Express;Htmx;NestJS;Next.js;Node.js;React;Ruby on Rails;Strapi;WordPress
8282,25-34y,Spain,Bachelor’s degree,Bash/Shell (all shells);Go;Groovy;HTML/CSS;Java;JavaScript;MATLAB;PHP;Python;SQL,Go;Java;Kotlin;Python;Rust;SQL,Clickhouse;Dynamodb;Elasticsearch;H2;MariaDB;MySQL;Oracle;PostgreSQL;Redis,Elasticsearch;H2;Oracle;PostgreSQL;Redis,Amazon Web Services (AWS);Google Cloud;OpenShift,Google Cloud;OpenShift,Spring Boot;Symfony;Vue.js,Spring Boot
47560,55-64y,South Africa,Master’s degree,Bash/Shell (all shells);HTML/CSS;JavaScript;SQL;TypeScript,None,SQLite,PostgreSQL;SQLite;Supabase,Amazon Web Services (AWS);Cloudflare;OpenStack,Cloudflare;Digital Ocean;Fly.io;Supabase,Node.js;Svelte,Node.js;Solid.js;Svelte
55629,Under 18y,Germany,Primary school,Assembly;C;C++;Java;Lisp;Python,Assembly;C;GDScript;Go;Haskell;Java;Lisp;Python;Rust;Zig,SQLite,MariaDB,Hetzner,None,None,None
7413,18-24y,Viet Nam,Bachelor’s degree,Bash/Shell (all shells);C;C++;Go;HTML/CSS;Java;JavaScript;Lua;Python;TypeScript,Bash/Shell (all shells);C;C++;Go;Java;Rust;TypeScript;Zig,None,None,None,None,jQuery;Node.js;React,Htmx;Next.js
58221,18-24y,Israel,Study wo degree,HTML/CSS;JavaScript;R,HTML/CSS;JavaScript;Python;SQL;TypeScript,None,None,None,None,Django;React,React
37214,45-54y,Spain,Master’s degree,Bash/Shell (all shells);Java;JavaScript,Bash/Shell (all shells);Java;JavaScript;Python,IBM DB2,IBM DB2,None,None,None,None
51362,35-44y,Brazil,Study wo degree,Java;PowerShell;Python;SQL,Go;Java;Python;Rust,Dynamodb;Microsoft SQL Server;MongoDB;Redis,Dynamodb;MongoDB;Redis,Amazon Web Services (AWS),Amazon Web Services (AWS),FastAPI;Flask;Spring Boot,FastAPI;Spring Boot
42595,25-34y,India,Bachelor’s degree,Python,Python,MySQL,MySQL,None,None,React,None
48720,25-34y,Malaysia,Bachelor’s degree,Assembly;C++;Clojure;HTML/CSS;Java;JavaScript;Lua;PHP;PowerShell;Python;SQL;Visual Basic (.Net),Bash/Shell (all shells);Dart;Go;HTML/CSS;JavaScript;Python;SQL;TypeScript,MySQL;PostgreSQL;Supabase,Firebase Realtime Database;MongoDB;PostgreSQL;Supabase,Amazon Web Services (AWS);Google Cloud;Heroku;Netlify;Oracle Cloud Infrastructure (OCI),Alibaba Cloud;Amazon Web Services (AWS);Cloudflare;Digital Ocean;Firebase;Google Cloud;Microsoft Azure;Netlify;Vercel,CodeIgniter;React;Vue.js,Angular;AngularJS;Laravel;React;Svelte;Vue.js
17122,Under 18y,Ukraine,Secondary School,JavaScript;Python;Rust,Python;Rust,MongoDB;PostgreSQL;SQLite,PostgreSQL;SQLite,None,None,Node.js,None
8318,35-44y,Denmark,Master’s degree,Bash/Shell (all shells);HTML/CSS;JavaScript;Kotlin;Python;SQL,Bash/Shell (all shells);Kotlin,BigQuery;SQLite,SQLite,Firebase;Google Cloud,None,React,React
25154,35-44y,Taiwan,Master’s degree,Go;TypeScript,Go,MongoDB,PostgreSQL,Amazon Web Services (AWS),None,Angular;Express;Node.js,Htmx
36298,25-34y,USA,Bachelor’s degree,C#;HTML/CSS;JavaScript;Perl;Visual Basic (.Net),C#;HTML/CSS;Perl,MariaDB;Microsoft SQL Server,MariaDB;Microsoft SQL Server,None,None,ASP.NET;ASP.NET CORE;Vue.js,ASP.NET CORE
59638,18-24y,Unknown,Study wo degree,HTML/CSS;Java;JavaScript;PHP;Python,HTML/CSS;JavaScript;Python,MongoDB;MySQL;PostgreSQL,MongoDB;MySQL;PostgreSQL,Google Cloud;Microsoft Azure,Amazon Web Services (AWS);Google Cloud;Microsoft Azure;Oracle Cloud Infrastructure (OCI);PythonAnywhere,Angular;AngularJS;Express;Node.js;React,Angular;AngularJS;Django;Express;jQuery;Laravel;Node.js;React
41330,18-24y,Tunisia,Study wo degree,C#;C++;HTML/CSS;JavaScript;Lua;PHP;Python,Assembly;C;C#;C++;Go;Kotlin;Ruby;Zig,MySQL;SQLite,SQLite,None,None,Laravel,ASP.NET;ASP.NET CORE;Laravel;Ruby on Rails;Svelte;Symfony
41073,Under 18y,Czechia,Secondary School,C#;Java;Python,Assembly;Bash/Shell (all shells);C;C++;GDScript;Go;Java;Python;Rust,None,None,None,None,None,None
62967,35-44y,Unknown,Unknown,None,None,None,None,None,None,None,None
42888,35-44y,Iran,Master’s degree,Apex;HTML/CSS;Java;JavaScript;MATLAB;SQL,HTML/CSS;Java;JavaScript;SQL,BigQuery;MySQL;Oracle,BigQuery;MySQL;Oracle,None,None,jQuery,Angular;jQuery;Spring Boot
37735,Under 18y,Germany,Primary school,Bash/Shell (all shells);HTML/CSS;JavaScript;Lua;Python;TypeScript,Bash/Shell (all shells);HTML/CSS;JavaScript;Lua;TypeScript,SQLite,None,Cloudflare;Vercel,None,Vue.js;WordPress,Angular;AngularJS;Deno;Express;Node.js;Svelte
47061,45-54y,Denmark,Master’s degree,HTML/CSS;TypeScript,Bash/Shell (all shells);C#;PowerShell,None,None,None,None,React,Next.js;Node.js;Svelte
53980,45-54y,USA,Master’s degree,Bash/Shell (all shells);HTML/CSS;Java;JavaScript;Python;TypeScript;Zig,F#;HTML/CSS;Java;JavaScript;Python;Zig,Cloud Firestore;SQLite,SQLite,Google Cloud,None,Node.js;Solid.js,None
54124,18-24y,Unknown,Unknown,None,None,None,None,None,None,None,None
54113,25-34y,Canada,Professional degree,JavaScript,JavaScript;Rust,None,None,None,None,Express;Node.js;Svelte,Deno;Express;Node.js;Svelte
52974,18-24y,Sweden,Secondary School,Bash/Shell (all shells);C#;Rust,Bash/Shell (all shells);GDScript;HTML/CSS;JavaScript;Rust;TypeScript;Zig,None,None,Cloudflare;Oracle Cloud Infrastructure (OCI),Cloudflare;Oracle Cloud Infrastructure (OCI),Astro,Astro
43893,45-54y,USA,Bachelor’s degree,Assembly;Bash/Shell (all shells);C;Erlang;Go;Groovy;HTML/CSS;Java;Lisp;Perl;PHP;PowerShell;Python;R;Ruby;SQL,Bash/Shell (all shells);C;Go;Lisp;Lua;Perl;PowerShell;Python;R;Ruby;Rust,Clickhouse;Dynamodb;Elasticsearch;MariaDB;Microsoft SQL Server;MySQL;Oracle;PostgreSQL,Clickhouse;Elasticsearch;MariaDB;PostgreSQL,"Amazon Web Services (AWS);Cloudflare;Google Cloud;Linode, now Akamai;Managed Hosting;Microsoft Azure;OpenStack;VMware",Amazon Web Services (AWS);Cloudflare;Google Cloud;Managed Hosting;OpenStack,FastAPI;jQuery;Node.js;React,FastAPI;jQuery;Node.js
11308,65y+,Brazil,Study wo degree,C#;Delphi;Kotlin,None,Microsoft SQL Server,None,Amazon Web Services (AWS);Microsoft Azure,None,ASP.NET,ASP.NET
56588,35-44y,Unknown,Bachelor’s degree,None,None,None,None,None,None,None,None
20037,25-34y,Pakistan,Bachelor’s degree,C#;HTML/CSS;JavaScript;SQL;TypeScript,Dart;TypeScript,None,None,None,None,Angular;AngularJS;ASP.NET;ASP.NET CORE;jQuery;React,Angular
38889,18-24y,USA,Study wo degree,Assembly;C;HTML/CSS;Java;JavaScript;Python;SQL;TypeScript,HTML/CSS;Java;JavaScript;Python;SQL;TypeScript,PostgreSQL,PostgreSQL,Firebase,Firebase,Angular;FastAPI;Flask;Node.js;React,Angular;FastAPI;Node.js
16074,18-24y,Sweden,Bachelor’s degree,Assembly;C;C#;Elixir;HTML/CSS;Java;JavaScript;TypeScript,C;C++;HTML/CSS;Java;JavaScript;Kotlin;Rust;SQL;TypeScript,MongoDB,MongoDB;PostgreSQL,None,None,Angular;AngularJS;Express;Node.js;Svelte,Angular;AngularJS;NestJS;Node.js
35701,18-24y,USA,Bachelor’s degree,C#;TypeScript,C#;TypeScript,Cosmos DB;Databricks SQL;Elasticsearch;Microsoft SQL Server,Microsoft SQL Server,Databricks;Microsoft Azure,Microsoft Azure,ASP.NET CORE;React,ASP.NET CORE;React
57019,35-44y,Germany,Study wo degree,HTML/CSS;JavaScript;PHP;SQL,HTML/CSS;JavaScript;PHP;SQL,MariaDB;MySQL,MariaDB;MySQL,None,None,jQuery;Laravel;WordPress,jQuery;Laravel;WordPress
9166,25-34y,Uruguay,Bachelor’s degree,C#;Dart;SQL,Dart;SQL;Swift,Cloud Firestore;Firebase Realtime Database;Microsoft SQL Server;MongoDB;MySQL;PostgreSQL;SQLite;Supabase,Cloud Firestore;Firebase Realtime Database;SQLite,Amazon Web Services (AWS);Firebase;Google Cloud;Microsoft Azure;Supabase,Amazon Web Services (AWS);Firebase;Google Cloud,Laravel;Node.js;WordPress,Laravel;Node.js
18506,35-44y,UK,Master’s degree,Bash/Shell (all shells);HTML/CSS;JavaScript;SQL;TypeScript,Go;HTML/CSS;JavaScript;Kotlin;Solidity;SQL;TypeScript,Cassandra;Cloud Firestore;Dynamodb;PostgreSQL;SQLite;Supabase,Cassandra;Cloud Firestore;Dynamodb;Elasticsearch;PostgreSQL;SQLite;Supabase,Cloudflare;Digital Ocean;Firebase;Google Cloud;PythonAnywhere;Supabase;Vultr,Amazon Web Services (AWS);Cloudflare;Google Cloud,Express;Flask;NestJS;Next.js;Node.js;React;Svelte;Vue.js,Express;NestJS;Node.js;Vue.js
22903,25-34y,Colombia,Bachelor’s degree,C++;JavaScript;Julia;Lua;Python;Rust;TypeScript,Go;Rust,None,None,None,None,Django;Nuxt.js;React,None
4658,18-24y,UK,Bachelor’s degree,C#;HTML/CSS;JavaScript;PowerShell;SQL;TypeScript;Visual Basic (.Net),C#;HTML/CSS;JavaScript;Kotlin;PowerShell;Python;SQL;TypeScript,Microsoft SQL Server;PostgreSQL,Microsoft SQL Server;PostgreSQL;SQLite,None,None,Angular;ASP.NET;ASP.NET CORE;jQuery;Node.js,Angular;ASP.NET CORE;Node.js;React;Svelte;Vue.js
57446,25-34y,USA,Master’s degree,Ada;Assembly;Bash/Shell (all shells);C;C#;C++;Fortran;Go;Haskell;HTML/CSS;Java;JavaScript;Lisp;MATLAB;OCaml;Perl;Prolog;Python;Ruby;Rust;SQL,Assembly;Bash/Shell (all shells);C;C++;Python;Rust,PostgreSQL;Redis,Redis,None,None,None,None
42015,45-54y,France,Master’s degree,C#;HTML/CSS;JavaScript;PowerShell;Solidity;SQL;TypeScript,C#;Dart;HTML/CSS;JavaScript;PowerShell;Solidity;SQL;TypeScript,Elasticsearch;Microsoft SQL Server;MySQL;SQLite,Microsoft SQL Server;SQLite,Firebase;Google Cloud;Microsoft Azure;OVH,Firebase;Google Cloud;Microsoft Azure;OVH,ASP.NET;ASP.NET CORE;Node.js;Remix,ASP.NET CORE;Blazor;Node.js;React;Remix
13803,18-24y,India,Secondary School,C++;Dart;HTML/CSS;JavaScript;Rust;Solidity;TypeScript,Go;Rust;Solidity;TypeScript,Firebase Realtime Database,None,Vercel,Vercel,Next.js;React;Svelte,Svelte
25971,18-24y,Germany,Bachelor’s degree,Bash/Shell (all shells);C;C#;C++;Dart;HTML/CSS;Kotlin;PowerShell;Python;TypeScript,C;C#;C++;Kotlin;PowerShell,None,None,None,None,None,None
11648,35-44y,Russia,Bachelor’s degree,Rust;TypeScript,Rust;TypeScript,MongoDB;PostgreSQL;Redis,MongoDB;PostgreSQL;Redis,Amazon Web Services (AWS);Cloudflare;Digital Ocean;Microsoft Azure,Cloudflare;Microsoft Azure;Vercel,Express;Next.js;Node.js;React;Vue.js,Node.js;React
52442,18-24y,Egypt,Bachelor’s degree,C#;C++;HTML/CSS;JavaScript;SQL,C#;C++;Go;HTML/CSS;JavaScript;Rust;SQL;TypeScript,Microsoft SQL Server;MySQL,Microsoft SQL Server;MongoDB;MySQL;SQLite,None,None,ASP.NET CORE,AngularJS;ASP.NET CORE;Htmx;React
22754,18-24y,Ecuador,Study wo degree,Bash/Shell (all shells);GDScript;Groovy;Haskell;HTML/CSS;Java;JavaScript;Kotlin;PHP;Python;R;Scala;SQL;TypeScript,Assembly;C;HTML/CSS;Java;JavaScript;Kotlin;PHP;SQL;TypeScript,MongoDB;MySQL;PostgreSQL;Redis;SQLite,MongoDB;PostgreSQL;Redis;SQLite,Amazon Web Services (AWS);Digital Ocean;Google Cloud,None,Laravel;Node.js;Play Framework;React;Vue.js,Laravel;Node.js;React;Spring Boot;Svelte;Vue.js
16810,35-44y,Germany,Master’s degree,Bash/Shell (all shells);Kotlin;TypeScript,Bash/Shell (all shells);Kotlin;TypeScript,Redis,Clickhouse;Elasticsearch,Amazon Web Services (AWS),None,Node.js;Spring Boot;Vue.js,Vue.js
17809,Under 18y,Germany,Secondary School,Bash/Shell (all shells);C#;C++;HTML/CSS;JavaScript;Python;Rust,Bash/Shell (all shells);HTML/CSS;Python;R;Rust,None,None,Heroku;Netlify,Netlify,Node.js;React,None
10244,18-24y,Pakistan,Bachelor’s degree,C#;HTML/CSS;JavaScript;Python;TypeScript;Visual Basic (.Net),C#;HTML/CSS;JavaScript;TypeScript,Microsoft Access;Microsoft SQL Server;MongoDB;MySQL;PostgreSQL,Microsoft SQL Server;MongoDB;PostgreSQL;Redis,Microsoft Azure;Netlify,None,ASP.NET CORE;Express;Next.js;Node.js;React,None
4872,35-44y,Spain,Study wo degree,Bash/Shell (all shells);HTML/CSS;JavaScript;Python;SQL;TypeScript,Elixir;HTML/CSS;Python,PostgreSQL,PostgreSQL,Google Cloud;Managed Hosting;Vercel,Managed Hosting;PythonAnywhere,Django;Elm;FastAPI;Next.js;React;Strapi;WordPress,Drupal;Elm;Htmx;Phoenix
56298,18-24y,India,Bachelor’s degree,C;HTML/CSS;Java;JavaScript;Python;SQL;Visual Basic (.Net),C;C++;HTML/CSS;Java;JavaScript;Kotlin;Python;SQL;Visual Basic (.Net),BigQuery;Microsoft SQL Server;MongoDB;MySQL;Oracle,Microsoft SQL Server;MongoDB;MySQL;Oracle,None,None,None,None
48037,25-34y,Unknown,Master’s degree,None,None,None,None,None,None,None,None
25759,65y+,USA,Bachelor’s degree,Bash/Shell (all shells);C;Perl;Python,None,Elasticsearch;MongoDB;MySQL,None,OpenStack,None,None,None
7428,35-44y,Ukraine,Master’s degree,Bash/Shell (all shells);HTML/CSS;JavaScript;PHP;SQL;TypeScript,Bash/Shell (all shells);HTML/CSS;JavaScript;PHP;Rust;SQL;TypeScript,MariaDB;MongoDB;MySQL;PostgreSQL,BigQuery;MySQL;PostgreSQL,Google Cloud,None,Drupal;Express;jQuery;Node.js;Symfony,Node.js;Symfony
9421,18-24y,Brazil,Study wo degree,Bash/Shell (all shells);Cobol;Java;Ruby;Rust;SQL,Crystal;Python;Ruby;Rust;SQL,MariaDB;MySQL;Oracle;SQLite,MariaDB;MongoDB;MySQL;Oracle;SQLite,Amazon Web Services (AWS);Oracle Cloud Infrastructure (OCI),Amazon Web Services (AWS);Oracle Cloud Infrastructure (OCI),None,None
58948,18-24y,India,Associate degree,Bash/Shell (all shells);JavaScript;PowerShell;Python,Go,InfluxDB;MongoDB;PostgreSQL,Cassandra;Dynamodb,Amazon Web Services (AWS);Firebase,Digital Ocean;Google Cloud;Microsoft Azure;VMware,Flask;Node.js,None
1867,25-34y,UK,Secondary School,C#;Go;HTML/CSS;JavaScript;TypeScript,C#;C++;HTML/CSS;JavaScript;Rust,None,None,None,None,ASP.NET;ASP.NET CORE;Astro;Express;Next.js;Node.js;React;Remix;Strapi,ASP.NET;ASP.NET CORE;Astro;Express;Htmx;Node.js;Solid.js;Strapi;Svelte
27486,18-24y,Hong Kong,Bachelor’s degree,Assembly;Bash/Shell (all shells);C;C#;HTML/CSS;Java;JavaScript;PHP;Python;SQL,C#;HTML/CSS;JavaScript;Python;SQL,MariaDB;Microsoft SQL Server;MySQL,MariaDB;Microsoft SQL Server;MySQL,Amazon Web Services (AWS);Firebase;Google Cloud;Heroku;Microsoft Azure;VMware,Amazon Web Services (AWS);Firebase;Google Cloud;Microsoft Azure,ASP.NET;ASP.NET CORE;jQuery,ASP.NET;ASP.NET CORE
40524,25-34y,India,Bachelor’s degree,Java,Java,Elasticsearch;H2;InfluxDB;MySQL,MySQL,Databricks,Databricks,Spring Boot,Spring Boot
3029,45-54y,Poland,Master’s degree,Assembly;Bash/Shell (all shells);C;C#;C++;PowerShell;Python;SQL,Assembly;Bash/Shell (all shells);C;C++;Python,Microsoft Access;Microsoft SQL Server;MongoDB;MySQL;SQLite,MongoDB;MySQL;PostgreSQL,Amazon Web Services (AWS);Cloudflare;Google Cloud;Oracle Cloud Infrastructure (OCI);VMware,PythonAnywhere;VMware,None,None
3708,45-54y,Taiwan,Study wo degree,C;Python,C;Go;Python,PostgreSQL;SQLite,DuckDB;MongoDB;PostgreSQL;SQLite,Amazon Web Services (AWS),Amazon Web Services (AWS);Google Cloud;Microsoft Azure,jQuery,AngularJS;Node.js;React;Vue.js
13185,25-34y,France,Study wo degree,Bash/Shell (all shells);HTML/CSS;JavaScript;SQL;TypeScript,Bash/Shell (all shells);HTML/CSS;Python;Rust;Scala;SQL;TypeScript,PostgreSQL,PostgreSQL,Amazon Web Services (AWS),Amazon Web Services (AWS);Firebase,Angular;jQuery;Next.js;Node.js;React,Express;Next.js;Node.js;React
19923,35-44y,Spain,Bachelor’s degree,Bash/Shell (all shells);HTML/CSS;JavaScript;PHP;PowerShell;SQL,Go;Python;Rust;TypeScript,MariaDB;MongoDB;PostgreSQL;Redis;SQLite,Elasticsearch;Redis,None,None,jQuery;Next.js;React;WordPress,Express;FastAPI;Htmx;Next.js;React;Svelte
